batch_id,position,hypothesis_hash,name,theme,factors_used,compile_status,runtime_status,wf_test_period_sharpe,wf_test_period_return,wf_test_period_max_drawdown,wf_test_period_total_trades,wf_test_period_win_rate,wf_test_period_window_count,elapsed_seconds,error_message
4f894318-eb69-48b5-95ef-e22abe3ecdd1,1,390f867036b2282d,momentum_breakout_rsi_regime,momentum,close;macd_hist;rsi_14;sma_50,ok,ok,-0.378559,-0.021077,0.219609,70,0.400000,4,3.145,
4f894318-eb69-48b5-95ef-e22abe3ecdd1,2,e70d021f56009f63,mean_reversion_bbands_oversold,mean_reversion,bb_upper_24_2;close;rsi_14;sma_24;zscore_48,ok,ok,0.115780,-0.015187,0.257351,90,0.611111,4,3.094,
4f894318-eb69-48b5-95ef-e22abe3ecdd1,3,8a3a78f0692f06f2,low_vol_breakout_compression,volatility_regime,atr_14;close;realized_vol_24h;sma_20;volume_zscore_24h,ok,ok,0.911556,0.126955,0.526530,41,0.463415,4,3.126,
4f894318-eb69-48b5-95ef-e22abe3ecdd1,4,12a8ec85d320d9b4,volume_divergence_momentum_fade,volume_divergence,close;return_24h;rsi_14;sma_20;volume_zscore_24h,ok,ok,-0.033959,0.000037,0.373927,77,0.402597,4,3.104,
4f894318-eb69-48b5-95ef-e22abe3ecdd1,5,2575c54731d25ad2,weekend_effect_vol_compression,calendar_effect,day_of_week;realized_vol_24h;return_24h;rsi_14;volume_zscore_24h,ok,ok,1.318271,0.135919,0.369301,52,0.557692,4,3.129,
4f894318-eb69-48b5-95ef-e22abe3ecdd1,6,05128e0a2c6a1164,macd_rsi_momentum_convergence,momentum,macd_hist;return_24h;rsi_14,ok,ok,-0.154677,-0.007908,0.193739,33,0.454545,4,3.117,
4f894318-eb69-48b5-95ef-e22abe3ecdd1,7,20c470b72bc3ddff,bollinger_squeeze_mean_revert,mean_reversion,bb_upper_24_2;close;realized_vol_24h;rsi_14;sma_24;zscore_48,ok,ok,2.050056,0.297308,0.337360,91,0.659341,4,3.134,
4f894318-eb69-48b5-95ef-e22abe3ecdd1,8,d37d8ffdee7817a3,vol_regime_shift_early_entry,volatility_regime,close;realized_vol_24h;return_24h;rsi_14;sma_20;zscore_48,ok,ok,0.387404,0.085208,0.552269,55,0.490909,4,3.155,
4f894318-eb69-48b5-95ef-e22abe3ecdd1,9,df5818718004ea40,volume_surge_price_consolidation,volume_divergence,close;return_24h;sma_50;volume_zscore_24h;zscore_48,ok,ok,-1.065309,-0.080853,0.256024,13,0.461538,4,3.112,
4f894318-eb69-48b5-95ef-e22abe3ecdd1,10,1880ce653e804a33,weekday_momentum_continuation,calendar_effect,day_of_week;return_1h;return_24h;rsi_14,ok,ok,-0.180387,-0.018225,0.310353,70,0.400000,4,3.126,
4f894318-eb69-48b5-95ef-e22abe3ecdd1,11,c3dfc99ef0c624c6,macd_hist_momentum_reversal,momentum,macd_hist;return_1h;return_24h;rsi_14,ok,ok,0.565088,0.106239,0.394516,83,0.457831,4,3.149,
4f894318-eb69-48b5-95ef-e22abe3ecdd1,12,8f34f32708667049,bb_mean_reversion_oversold,mean_reversion,bb_upper_24_2;close;return_1h;return_24h;rsi_14;zscore_48,ok,ok,1.091657,0.083482,0.326642,96,0.666667,4,3.147,
4f894318-eb69-48b5-95ef-e22abe3ecdd1,13,446f52fb7596b6be,low_vol_ema_crossover,volatility_regime,ema_12;ema_26;realized_vol_24h;return_1h;return_24h;rsi_14,ok,ok,-0.474843,-0.047731,0.461607,55,0.381818,4,3.163,
4f894318-eb69-48b5-95ef-e22abe3ecdd1,14,7d261364cdd8e38c,volume_surge_breakout,volume_divergence,close;macd_hist;return_1h;rsi_14;sma_20;volume_zscore_24h,ok,ok,0.193355,0.021643,0.244524,100,0.430000,4,3.148,
4f894318-eb69-48b5-95ef-e22abe3ecdd1,15,4ae79f2b39fd6dc4,monday_morning_reversal,calendar_effect,close;day_of_week;hour_of_day;return_24h;rsi_14;sma_20,ok,ok,-0.694839,-0.047532,0.213234,23,0.478261,4,3.145,
4f894318-eb69-48b5-95ef-e22abe3ecdd1,16,5a2830217f87f3b0,macd_momentum_surge,momentum,close;macd_hist;return_1h;return_24h;rsi_14;sma_50,ok,ok,-0.779466,-0.064541,0.302852,45,0.266667,4,3.177,
4f894318-eb69-48b5-95ef-e22abe3ecdd1,17,707873d073bb037b,bollinger_mean_reversion,mean_reversion,bb_upper_24_2;close;return_1h;return_24h;rsi_14;sma_24;zscore_48,ok,ok,1.004694,0.098983,0.234430,97,0.649485,4,3.175,
4f894318-eb69-48b5-95ef-e22abe3ecdd1,18,5ad92dbe621884d5,volatility_compression_breakout,volatility_regime,atr_14;bb_upper_24_2;close;realized_vol_24h;return_1h;zscore_48,ok,ok,0.651615,0.155008,0.567578,32,0.562500,4,3.156,
4f894318-eb69-48b5-95ef-e22abe3ecdd1,19,2e98fff9727b9102,volume_divergence_reversal,volume_divergence,close;return_1h;return_24h;rsi_14;sma_20;sma_50;volume_zscore_24h,ok,ok,-0.128659,-0.006608,0.349306,71,0.394366,4,3.169,
4f894318-eb69-48b5-95ef-e22abe3ecdd1,20,ef5351ef1376d378,weekend_volatility_fade,calendar_effect,day_of_week;hour_of_day;realized_vol_24h;return_1h;rsi_14,ok,ok,-0.906070,-0.021534,0.102889,1,0.000000,4,3.142,
4f894318-eb69-48b5-95ef-e22abe3ecdd1,21,9da3495dfa69b0de,macd_momentum_surge,momentum,close;ema_12;ema_26;macd_hist;return_1h;rsi_14,ok,ok,-0.582438,-0.089667,0.376023,84,0.369048,4,3.204,
4f894318-eb69-48b5-95ef-e22abe3ecdd1,22,312fec0f59808c33,bb_overextension_reversion,mean_reversion,bb_upper_24_2;close;macd_hist;realized_vol_24h;return_1h;rsi_14;sma_24,ok,ok,-0.251841,-0.007301,0.079529,1,0.000000,4,3.153,
4f894318-eb69-48b5-95ef-e22abe3ecdd1,23,9f6c3e96e974fe83,vol_regime_shift_breakout,volatility_regime,close;ema_12;ema_26;macd_hist;realized_vol_24h;rsi_14;volume_zscore_24h,ok,ok,0.000000,0.000000,0.000000,0,0.000000,4,3.153,
4f894318-eb69-48b5-95ef-e22abe3ecdd1,24,bd7ec849e91f204c,volume_divergence_breakout,volume_divergence,close;macd_hist;return_1h;rsi_14;sma_20;sma_50;volume_zscore_24h,ok,ok,0.350761,-0.032122,0.327770,31,0.419355,4,3.154,
4f894318-eb69-48b5-95ef-e22abe3ecdd1,25,383b02e826fc3baa,monday_momentum_fade,calendar_effect,close;day_of_week;ema_26;hour_of_day;macd_hist;return_168h;return_24h;rsi_14,ok,ok,0.277423,0.004053,0.085769,8,0.625000,4,3.157,
4f894318-eb69-48b5-95ef-e22abe3ecdd1,26,c4a12d52c7ba241d,macd_rsi_momentum_surge,momentum,close;ema_12;ema_26;macd_hist;return_1h;return_24h;rsi_14,ok,ok,-1.206081,-0.109174,0.377400,45,0.288889,4,3.172,
4f894318-eb69-48b5-95ef-e22abe3ecdd1,27,3c650cab3887080b,bollinger_reversal_oversold,mean_reversion,bb_upper_24_2;close;macd_hist;return_24h;rsi_14;sma_24;zscore_48,ok,ok,0.609469,0.061244,0.229945,82,0.646341,4,3.202,
4f894318-eb69-48b5-95ef-e22abe3ecdd1,28,c352719c3ac2aade,low_vol_breakout_surge,volatility_regime,close;ema_12;macd_hist;realized_vol_24h;return_24h;sma_20;volume_zscore_24h,ok,ok,-0.129594,-0.041788,0.331650,42,0.547619,4,3.171,
4f894318-eb69-48b5-95ef-e22abe3ecdd1,29,b475b370777520c9,volume_divergence_momentum,volume_divergence,close;ema_12;macd_hist;return_24h;rsi_14;sma_20;volume_zscore_24h,ok,ok,-1.244356,-0.094949,0.239230,89,0.337079,4,3.197,
4f894318-eb69-48b5-95ef-e22abe3ecdd1,30,2845bf8eeb2515a7,monday_mean_reversion,calendar_effect,close;day_of_week;ema_26;return_24h;rsi_14;sma_50,ok,ok,0.288885,0.015089,0.227850,26,0.615385,4,3.159,
4f894318-eb69-48b5-95ef-e22abe3ecdd1,31,a3e60c08859dfb8e,macd_rsi_momentum_surge,momentum,close;ema_12;ema_26;macd_hist;return_24h;rsi_14,ok,ok,-0.865258,-0.093397,0.373797,61,0.311475,4,3.190,
4f894318-eb69-48b5-95ef-e22abe3ecdd1,32,18d92ce5d0b40cc7,bollinger_zscore_reversion,mean_reversion,bb_upper_24_2;close;macd_hist;return_24h;rsi_14;sma_24;zscore_48,ok,ok,1.141160,0.116704,0.145535,73,0.438356,4,3.220,
4f894318-eb69-48b5-95ef-e22abe3ecdd1,33,89f18ff310c49858,low_vol_breakout_expansion,volatility_regime,close;ema_26;macd_hist;realized_vol_24h;rsi_14;sma_50,ok,ok,0.824513,0.117692,0.413311,41,0.487805,4,3.178,
4f894318-eb69-48b5-95ef-e22abe3ecdd1,34,12e30edaf44a29a3,volume_divergence_momentum_fade,volume_divergence,close;macd_hist;return_24h;rsi_14;sma_20;volume_zscore_24h,ok,ok,-0.749081,-0.083127,0.263535,99,0.373737,4,3.185,
4f894318-eb69-48b5-95ef-e22abe3ecdd1,35,9e69f0931a485e9e,monday_oversold_bounce,calendar_effect,close;day_of_week;macd_hist;return_24h;rsi_14;sma_20,ok,ok,-0.595566,-0.071661,0.217284,35,0.428571,4,3.176,
4f894318-eb69-48b5-95ef-e22abe3ecdd1,36,a1d46f1ce16b598e,macd_histogram_expansion_momentum,momentum,bb_upper_24_2;close;ema_12;macd_hist;rsi_14;volume_zscore_24h,ok,ok,-0.447872,-0.061655,0.343804,77,0.467532,4,3.166,
4f894318-eb69-48b5-95ef-e22abe3ecdd1,37,64e9e18111451390,bollinger_squeeze_reversion,mean_reversion,atr_14;bb_upper_24_2;close;realized_vol_24h;return_24h;rsi_14;sma_24;zscore_48,ok,ok,0.000000,0.000000,0.000000,0,0.000000,4,3.200,
4f894318-eb69-48b5-95ef-e22abe3ecdd1,38,60381f6eea0479f3,low_vol_ema_crossover_momentum,volatility_regime,atr_14;ema_12;ema_26;realized_vol_24h;return_24h;rsi_14;volume_zscore_24h,ok,ok,0.000000,0.000000,0.000000,0,0.000000,4,3.173,
4f894318-eb69-48b5-95ef-e22abe3ecdd1,39,988cc152cf303909,volume_surge_without_price_follow,volume_divergence,close;ema_12;return_24h;rsi_14;volume_zscore_24h,ok,ok,-1.358157,-0.096802,0.233363,87,0.402299,4,3.162,
4f894318-eb69-48b5-95ef-e22abe3ecdd1,40,db8a9693eef4e4e1,monday_morning_momentum_fade,calendar_effect,day_of_week;hour_of_day;return_168h;return_1h;return_24h;rsi_14,ok,ok,1.311223,0.030064,0.191397,14,0.642857,4,3.176,
4f894318-eb69-48b5-95ef-e22abe3ecdd1,41,e942e6cf33c075fe,macd_histogram_reversal_momentum,momentum,macd_hist;return_24h;rsi_14;volume_zscore_24h,ok,ok,1.119022,0.018183,0.085895,5,0.800000,4,3.170,
4f894318-eb69-48b5-95ef-e22abe3ecdd1,42,d0385a1ab83b1ea7,bollinger_mean_reversion_oversold,mean_reversion,bb_upper_24_2;close;return_24h;rsi_14;sma_24;zscore_48,ok,ok,0.569551,0.044726,0.257968,103,0.669903,4,3.226,
4f894318-eb69-48b5-95ef-e22abe3ecdd1,43,897ab60550f4096f,volatility_expansion_momentum_entry,volatility_regime,close;ema_12;macd_hist;realized_vol_24h;return_24h;rsi_14;volume_zscore_24h,ok,ok,0.000000,0.000000,0.000000,0,0.000000,4,3.173,
4f894318-eb69-48b5-95ef-e22abe3ecdd1,44,204a2c24680f22f8,volume_divergence_breakout_confirmation,volume_divergence,close;return_1h;return_24h;rsi_14;sma_20;volume_zscore_24h,ok,ok,0.000000,0.000000,0.000000,0,0.000000,4,3.167,
4f894318-eb69-48b5-95ef-e22abe3ecdd1,45,5c6fff0cd5247893,monday_volatility_expansion_entry,calendar_effect,day_of_week;realized_vol_24h;return_168h;return_24h;rsi_14,ok,ok,0.000000,0.000000,0.000000,0,0.000000,4,3.159,
4f894318-eb69-48b5-95ef-e22abe3ecdd1,46,68fe158d84a718d0,macd_momentum_reversal_fade,momentum,close;macd_hist;return_24h;rsi_14;sma_50;volume_zscore_24h,ok,ok,-0.650123,-0.061127,0.222157,65,0.384615,4,3.184,
4f894318-eb69-48b5-95ef-e22abe3ecdd1,47,26c5eb916447cd97,bb_overextension_reversion,mean_reversion,bb_upper_24_2;close;realized_vol_24h;return_24h;rsi_14;sma_24;volume_zscore_24h,ok,ok,0.638374,0.037532,0.228003,66,0.454545,4,3.196,
4f894318-eb69-48b5-95ef-e22abe3ecdd1,48,a2fcfd0133f502f9,vol_compression_breakout_long,volatility_regime,atr_14;close;realized_vol_24h;return_24h;rsi_14;sma_20;sma_50,ok,ok,0.641402,0.091689,0.466780,113,0.362832,4,3.248,
4f894318-eb69-48b5-95ef-e22abe3ecdd1,49,51c6eeaa6852b3bd,volume_divergence_momentum_fade,volume_divergence,close;macd_hist;return_24h;rsi_14;sma_20;volume_zscore_24h,ok,ok,-0.589930,-0.043294,0.421043,97,0.402062,4,3.195,
4f894318-eb69-48b5-95ef-e22abe3ecdd1,50,56adbbd2e310f111,weekend_vol_suppression_long,calendar_effect,close;day_of_week;realized_vol_24h;return_24h;rsi_14;sma_50,ok,ok,-0.617357,-0.047496,0.261106,49,0.387755,4,3.192,
4f894318-eb69-48b5-95ef-e22abe3ecdd1,51,c1514cf23ec1e226,macd_acceleration_momentum_ride,momentum,close;ema_12;macd_hist;realized_vol_24h;return_24h;rsi_14;sma_50,ok,ok,-1.649008,-0.199655,0.411400,49,0.285714,4,3.192,
4f894318-eb69-48b5-95ef-e22abe3ecdd1,52,fa04fa6753ca404a,bb_oversold_vol_spike_reversal,mean_reversion,bb_upper_24_2;close;realized_vol_24h;return_24h;rsi_14;zscore_48,ok,ok,0.000000,0.000000,0.000000,0,0.000000,4,3.165,
4f894318-eb69-48b5-95ef-e22abe3ecdd1,53,d4e674b1897a4cb7,vol_regime_shift_breakout,volatility_regime,close;macd_hist;realized_vol_24h;return_24h;rsi_14;sma_50,ok,ok,0.000000,0.000000,0.000000,0,0.000000,4,3.197,
4f894318-eb69-48b5-95ef-e22abe3ecdd1,54,e5daa59f23fbbd4a,volume_surge_price_lag_divergence,volume_divergence,close;return_24h;rsi_14;sma_50;volume_zscore_24h,ok,ok,-1.395997,-0.103599,0.282494,59,0.338983,4,3.176,
4f894318-eb69-48b5-95ef-e22abe3ecdd1,55,3d3938aed6376f04,monday_opening_momentum_capture,calendar_effect,close;day_of_week;hour_of_day;macd_hist;return_168h;return_24h;rsi_14;sma_20,ok,ok,1.516271,0.045770,0.036033,40,0.450000,4,3.193,
4f894318-eb69-48b5-95ef-e22abe3ecdd1,56,274059b4a0c957f4,momentum_continuation_bollinger_squeeze,momentum,bb_upper_24_2;close;macd_hist;return_24h;rsi_14;sma_24,ok,ok,0.344305,0.021733,0.260131,91,0.582418,4,3.205,
4f894318-eb69-48b5-95ef-e22abe3ecdd1,57,96f7def5bf95f9cf,bollinger_reversal_rsi_oversold,mean_reversion,bb_upper_24_2;close;macd_hist;return_24h;rsi_14;sma_24,ok,ok,0.000000,0.000000,0.000000,0,0.000000,4,3.170,
4f894318-eb69-48b5-95ef-e22abe3ecdd1,58,a3e56b19db17985b,volatility_expansion_breakout,volatility_regime,close;macd_hist;realized_vol_24h;return_24h;rsi_14;sma_50,ok,ok,0.000000,0.000000,0.000000,0,0.000000,4,3.202,
4f894318-eb69-48b5-95ef-e22abe3ecdd1,59,4d76b0dd75845517,volume_divergence_reversal,volume_divergence,macd_hist;return_24h;rsi_14;volume_zscore_24h,ok,ok,-0.589943,-0.085400,0.308547,92,0.260870,4,3.181,
4f894318-eb69-48b5-95ef-e22abe3ecdd1,60,c564627fa1a0bcb0,monday_mean_reversion_entry,calendar_effect,day_of_week;macd_hist;return_24h;rsi_14,ok,ok,0.025027,-0.005459,0.191401,29,0.551724,4,3.176,
4f894318-eb69-48b5-95ef-e22abe3ecdd1,61,e86ecbdf94a23b51,momentum_acceleration_with_vol_confirmation,momentum,macd_hist;return_24h;rsi_14;volume_zscore_24h,ok,ok,-2.130672,-0.173352,0.375857,53,0.509434,4,3.171,
4f894318-eb69-48b5-95ef-e22abe3ecdd1,62,ac86674bd1a6f11b,bollinger_squeeze_mean_reversion,mean_reversion,bb_upper_24_2;close;realized_vol_24h;return_24h;rsi_14;zscore_48,ok,ok,0.467220,0.027156,0.301664,91,0.648352,4,3.191,
4f894318-eb69-48b5-95ef-e22abe3ecdd1,63,34578332364200b9,volatility_compression_breakout,volatility_regime,close;macd_hist;realized_vol_24h;return_24h;rsi_14;sma_24,ok,ok,0.094867,-0.028077,0.461651,85,0.435294,4,3.228,
4f894318-eb69-48b5-95ef-e22abe3ecdd1,64,0918c88912974068,volume_divergence_momentum_fade,volume_divergence,macd_hist;return_1h;return_24h;rsi_14;volume_zscore_24h,ok,ok,-0.637574,-0.053067,0.384398,132,0.356061,4,3.193,
4f894318-eb69-48b5-95ef-e22abe3ecdd1,65,4c739117d429a890,monday_weakness_mean_reversion,calendar_effect,close;day_of_week;macd_hist;return_24h;rsi_14;sma_20,ok,ok,-0.447868,-0.032373,0.166499,38,0.552632,4,3.183,
4f894318-eb69-48b5-95ef-e22abe3ecdd1,66,07a1dd00663327df,momentum_acceleration_continuation,momentum,macd_hist;return_168h;return_1h;return_24h;rsi_14,ok,ok,-0.746364,-0.087780,0.335016,208,0.509615,4,3.209,
4f894318-eb69-48b5-95ef-e22abe3ecdd1,67,32d2aff449a22909,bollinger_overshoot_mean_reversion,mean_reversion,bb_upper_24_2;close;macd_hist;return_24h;rsi_14;sma_24;zscore_48,ok,ok,0.691558,0.051084,0.222687,84,0.416667,4,3.198,
4f894318-eb69-48b5-95ef-e22abe3ecdd1,68,51c3a4cd1d6ccbcb,volatility_expansion_momentum_entry,volatility_regime,macd_hist;realized_vol_24h;return_1h;return_24h;rsi_14,ok,ok,-0.616784,-0.030657,0.137626,4,0.000000,4,3.204,
4f894318-eb69-48b5-95ef-e22abe3ecdd1,69,7336f26d2899c075,volume_divergence_momentum_fade,volume_divergence,macd_hist;return_1h;return_24h;rsi_14;volume_zscore_24h,ok,ok,0.202360,0.019168,0.330965,108,0.333333,4,3.200,
4f894318-eb69-48b5-95ef-e22abe3ecdd1,70,d203b0f357b3388b,monday_mean_reversion_fade,calendar_effect,close;day_of_week;macd_hist;return_24h;rsi_14;sma_20;sma_50,ok,ok,0.028823,-0.014512,0.207202,33,0.454545,4,3.197,
4f894318-eb69-48b5-95ef-e22abe3ecdd1,71,e98069552777ee9d,macd_crossover_momentum_surge,momentum,close;ema_12;macd_hist;return_1h;return_24h;rsi_14,ok,ok,-0.544862,-0.034419,0.277526,64,0.453125,4,3.184,
4f894318-eb69-48b5-95ef-e22abe3ecdd1,72,6d9e4990305765d9,bollinger_mean_revert_vol_spike,mean_reversion,bb_upper_24_2;close;macd_hist;realized_vol_24h;return_1h;return_24h;rsi_14;sma_24,ok,ok,0.000000,0.000000,0.000000,0,0.000000,4,3.197,
4f894318-eb69-48b5-95ef-e22abe3ecdd1,73,776b5e76ace90476,volatility_compression_breakout_regime,volatility_regime,atr_14;close;ema_12;ema_26;macd_hist;realized_vol_24h;return_24h;rsi_14,ok,ok,-0.783320,-0.069698,0.506025,182,0.247253,4,3.224,
4f894318-eb69-48b5-95ef-e22abe3ecdd1,74,ad3a79b08fb28be7,volume_divergence_momentum_fade,volume_divergence,close;ema_12;macd_hist;return_1h;return_24h;rsi_14;sma_20;volume_zscore_24h,ok,ok,-1.259995,-0.119756,0.389651,144,0.298611,4,3.261,
4f894318-eb69-48b5-95ef-e22abe3ecdd1,75,63fb1a51675f06ec,monday_reversal_weekend_momentum,calendar_effect,close;day_of_week;macd_hist;return_24h;rsi_14;sma_20;sma_50,ok,ok,-0.526509,-0.044336,0.170644,43,0.558140,4,3.195,
4f894318-eb69-48b5-95ef-e22abe3ecdd1,76,f4f0b477387f300e,macd_rsi_momentum_confluence,momentum,close;ema_26;macd_hist;return_24h;rsi_14;sma_20,ok,ok,-1.210117,-0.136391,0.417983,57,0.298246,4,3.204,
4f894318-eb69-48b5-95ef-e22abe3ecdd1,77,851119392f1b8213,bollinger_oversold_mean_revert,mean_reversion,bb_upper_24_2;close;return_24h;rsi_14;sma_24;zscore_48,ok,ok,1.158518,0.117055,0.289456,103,0.650485,4,3.215,
4f894318-eb69-48b5-95ef-e22abe3ecdd1,78,b4a189b6b27e3522,vol_regime_breakout_expansion,volatility_regime,close;realized_vol_24h;return_24h;rsi_14;sma_20;volume_zscore_24h,ok,ok,0.000000,0.000000,0.000000,0,0.000000,4,3.176,
4f894318-eb69-48b5-95ef-e22abe3ecdd1,79,64432eaf82f0617f,volume_divergence_price_momentum,volume_divergence,close;return_24h;rsi_14;sma_20;volume_zscore_24h,ok,ok,-1.325601,-0.132807,0.434650,97,0.350515,4,3.231,
4f894318-eb69-48b5-95ef-e22abe3ecdd1,80,e4604f00c83e4b45,monday_volatility_fade,calendar_effect,close;day_of_week;realized_vol_24h;return_24h;rsi_14;sma_20,ok,ok,0.000000,0.000000,0.000000,0,0.000000,4,3.175,
4f894318-eb69-48b5-95ef-e22abe3ecdd1,81,d6830cda797343b8,macd_momentum_continuation,momentum,close;ema_12;ema_26;macd_hist;return_24h;rsi_14,ok,ok,-0.595247,-0.083950,0.456061,124,0.491935,4,3.200,
4f894318-eb69-48b5-95ef-e22abe3ecdd1,82,c3dce6f8ae0178ce,bollinger_mean_reversion_overshoot,mean_reversion,bb_upper_24_2;close;realized_vol_24h;return_24h;rsi_14;sma_24;volume_zscore_24h,ok,ok,0.000000,0.000000,0.000000,0,0.000000,4,3.181,
4f894318-eb69-48b5-95ef-e22abe3ecdd1,83,39179f3d73d000fd,volume_divergence_momentum_reversal,volume_divergence,close;ema_26;macd_hist;return_24h;rsi_14;volume_zscore_24h,ok,ok,-1.082092,-0.066267,0.370982,78,0.307692,4,3.197,
4f894318-eb69-48b5-95ef-e22abe3ecdd1,84,16fdda5b4f265c95,monday_mean_reversion_oversold,calendar_effect,close;day_of_week;return_24h;rsi_14;sma_20,ok,ok,0.054821,-0.006902,0.210251,28,0.535714,4,3.226,
4f894318-eb69-48b5-95ef-e22abe3ecdd1,85,7abff29fc2f117a1,ema_crossover_momentum_acceleration,momentum,ema_12;ema_26;macd_hist;return_24h;rsi_14;volume_zscore_24h,ok,ok,0.483854,0.012006,0.199083,34,0.558824,4,3.178,
4f894318-eb69-48b5-95ef-e22abe3ecdd1,86,04a7fcabf6f59830,bollinger_squeeze_reversion_entry,mean_reversion,bb_upper_24_2;close;realized_vol_24h;return_24h;rsi_14;sma_24;zscore_48,ok,ok,0.000000,0.000000,0.000000,0,0.000000,4,3.177,
4f894318-eb69-48b5-95ef-e22abe3ecdd1,87,09a71b0d4c420b4c,volatility_expansion_breakout_long,volatility_regime,close;macd_hist;realized_vol_24h;return_24h;rsi_14;sma_50;volume_zscore_24h,ok,ok,0.000000,0.000000,0.000000,0,0.000000,4,3.177,
4f894318-eb69-48b5-95ef-e22abe3ecdd1,88,75c08f8431950ecc,volume_divergence_price_rejection,volume_divergence,close;return_24h;rsi_14;sma_20;volume_zscore_24h,ok,ok,1.204022,0.133377,0.255101,103,0.582524,4,3.201,
4f894318-eb69-48b5-95ef-e22abe3ecdd1,89,2b1ca44778281d97,monday_morning_reversal_long,calendar_effect,close;day_of_week;ema_12;hour_of_day;macd_hist;return_168h;return_24h;rsi_14,ok,ok,1.762288,0.048278,0.142552,14,0.571429,4,3.233,
4f894318-eb69-48b5-95ef-e22abe3ecdd1,90,4383b8c7939b0468,momentum_cascade_rsi_breakout,momentum,macd_hist;return_24h;rsi_14,ok,ok,0.159210,0.022710,0.298319,106,0.490566,4,3.179,
4f894318-eb69-48b5-95ef-e22abe3ecdd1,91,6f98dddabdff949e,oversold_bb_reversion_long,mean_reversion,bb_upper_24_2;close;macd_hist;return_1h;return_24h;rsi_14;sma_24;zscore_48,ok,ok,1.258133,0.115113,0.310705,98,0.663265,4,3.231,
4f894318-eb69-48b5-95ef-e22abe3ecdd1,92,f121bdc9d447853b,low_vol_trend_continuation,volatility_regime,close;realized_vol_24h;return_24h;rsi_14;sma_20;volume_zscore_24h,ok,ok,0.335216,0.065900,0.462685,103,0.611650,4,3.561,
4f894318-eb69-48b5-95ef-e22abe3ecdd1,93,0ce26dfe22b61aa1,volume_divergence_continuation,volume_divergence,close;return_168h;return_24h;rsi_14;sma_50;volume_zscore_24h,ok,ok,-0.550390,-0.074618,0.366866,10,0.300000,4,3.436,
4f894318-eb69-48b5-95ef-e22abe3ecdd1,94,cae91d40d6c0ad57,monday_mean_reversion_dip_buy,calendar_effect,close;day_of_week;return_24h;rsi_14;sma_20,ok,ok,-0.071152,-0.024794,0.207202,31,0.548387,4,3.812,
4f894318-eb69-48b5-95ef-e22abe3ecdd1,95,e227354694377df8,macd_momentum_acceleration,momentum,close;ema_12;ema_26;macd_hist;return_1h;return_24h,ok,ok,-0.328302,-0.014712,0.418005,153,0.535948,4,3.521,
4f894318-eb69-48b5-95ef-e22abe3ecdd1,96,ae6cdf85d43a7e49,bollinger_oversold_mean_reversion,mean_reversion,bb_upper_24_2;close;return_1h;return_24h;rsi_14;sma_24;zscore_48,ok,ok,0.900744,0.097342,0.282788,93,0.612903,4,3.522,
4f894318-eb69-48b5-95ef-e22abe3ecdd1,97,29122f84e6d208ef,volume_surge_momentum_confirmation,volume_divergence,close;ema_12;macd_hist;return_1h;return_24h;volume_zscore_24h,ok,ok,-0.529768,-0.077091,0.357487,112,0.517857,4,3.778,
4f894318-eb69-48b5-95ef-e22abe3ecdd1,98,84adfaab8e40b0b6,monday_open_mean_reversion,calendar_effect,close;day_of_week;hour_of_day;return_24h;rsi_14;sma_20;sma_50,ok,ok,-0.305110,-0.031434,0.220947,19,0.473684,4,3.422,
4f894318-eb69-48b5-95ef-e22abe3ecdd1,99,326e9bd648d89e35,macd_crossover_momentum_surge,momentum,close;ema_26;macd_hist;return_168h;return_24h;rsi_14,ok,ok,-1.258610,-0.106168,0.287698,79,0.468354,4,3.652,
4f894318-eb69-48b5-95ef-e22abe3ecdd1,100,ec51872559933bff,bollinger_reversion_oversold_rsi,mean_reversion,bb_upper_24_2;close;realized_vol_24h;return_24h;rsi_14;sma_24;zscore_48,ok,ok,1.183843,0.111008,0.115941,10,0.900000,4,3.716,
4f894318-eb69-48b5-95ef-e22abe3ecdd1,101,c34f92837f73bc85,volatility_spike_mean_reversion,volatility_regime,close;realized_vol_24h;return_24h;rsi_14;sma_20,ok,ok,0.337715,0.019262,0.094195,1,1.000000,4,3.298,
4f894318-eb69-48b5-95ef-e22abe3ecdd1,102,0cb219980fc4f8f9,volume_divergence_momentum_reversal,volume_divergence,close;return_1h;return_24h;rsi_14;sma_20;volume_zscore_24h,ok,ok,0.214507,-0.011409,0.230041,44,0.386364,4,3.211,
4f894318-eb69-48b5-95ef-e22abe3ecdd1,103,e88aee0f24707375,weekday_momentum_continuation,calendar_effect,close;day_of_week;return_1h;return_24h;rsi_14;sma_20,ok,ok,0.318696,0.081390,0.367328,64,0.406250,4,3.227,
4f894318-eb69-48b5-95ef-e22abe3ecdd1,104,1556eb7e2b0d001c,macd_histogram_momentum_acceleration,momentum,close;ema_26;macd_hist;return_24h;rsi_14,ok,ok,-0.726876,-0.059653,0.265321,60,0.300000,4,3.230,
4f894318-eb69-48b5-95ef-e22abe3ecdd1,105,21ccc85f13b0e3e5,zscore_mean_reversion_overnight,mean_reversion,hour_of_day;return_24h;rsi_14;zscore_48,ok,ok,-2.094305,-0.093572,0.184168,175,0.434286,4,3.254,
4f894318-eb69-48b5-95ef-e22abe3ecdd1,106,966fc93964ec0cad,high_vol_regime_bb_breakout,volatility_regime,bb_upper_24_2;close;realized_vol_24h;return_24h;rsi_14;sma_24;volume_zscore_24h,ok,ok,0.000000,0.000000,0.000000,0,0.000000,4,3.220,
4f894318-eb69-48b5-95ef-e22abe3ecdd1,107,1abc461fedf8922c,volume_divergence_momentum_fade,volume_divergence,close;return_1h;return_24h;rsi_14;sma_20;volume_zscore_24h,ok,ok,-1.296567,-0.110278,0.242038,94,0.340426,4,3.233,
4f894318-eb69-48b5-95ef-e22abe3ecdd1,108,22864f01a49e3452,weekend_volatility_compression_breakout,calendar_effect,close;day_of_week;realized_vol_24h;return_24h;rsi_14;sma_20,ok,ok,0.402264,0.020347,0.179881,32,0.531250,4,3.210,
4f894318-eb69-48b5-95ef-e22abe3ecdd1,109,f7b9b3ab01ce4d33,macd_histogram_momentum_reversal,momentum,close;macd_hist;return_1h;return_24h;rsi_14;sma_50,ok,ok,0.257530,0.017653,0.161379,50,0.500000,4,3.226,
4f894318-eb69-48b5-95ef-e22abe3ecdd1,110,9c90efe879157a5c,bollinger_extreme_zscore_reversal,mean_reversion,bb_upper_24_2;close;return_1h;return_24h;rsi_14;sma_24;zscore_48,ok,ok,0.995252,0.086352,0.147592,89,0.415730,4,3.272,
4f894318-eb69-48b5-95ef-e22abe3ecdd1,111,efafa8f858e20fb2,high_vol_regime_ema_crossover,volatility_regime,ema_12;ema_26;macd_hist;realized_vol_24h;return_1h;return_24h;rsi_14,ok,ok,0.516874,0.007741,0.000511,1,1.000000,4,3.218,
4f894318-eb69-48b5-95ef-e22abe3ecdd1,112,d4011cdfa209a23a,volume_surge_bollinger_breakout,volume_divergence,bb_upper_24_2;close;macd_hist;return_1h;return_24h;rsi_14;volume_zscore_24h,ok,ok,-0.876649,-0.058848,0.333086,65,0.507692,4,3.237,
4f894318-eb69-48b5-95ef-e22abe3ecdd1,113,3c3ba9b95d2ea37c,monday_morning_momentum_fade,calendar_effect,day_of_week;hour_of_day;macd_hist;return_1h;return_24h;rsi_14,ok,ok,0.240705,0.004168,0.065932,18,0.388889,4,3.223,
4f894318-eb69-48b5-95ef-e22abe3ecdd1,114,6bb9eb8555a2f4f7,momentum_persistence_weekly_uptrend,momentum,ema_12;ema_26;macd_hist;return_168h;return_1h;return_24h;rsi_14,ok,ok,0.480100,0.072143,0.274705,93,0.397849,4,3.240,
4f894318-eb69-48b5-95ef-e22abe3ecdd1,115,c90517447c969f92,overbought_rsi_volatility_mean_reversion,mean_reversion,macd_hist;realized_vol_24h;return_1h;return_24h;rsi_14,ok,ok,0.732701,0.006664,0.059091,5,0.600000,4,3.228,
4f894318-eb69-48b5-95ef-e22abe3ecdd1,116,38a1bb228f103c26,volatility_compression_breakout_ema_cross,volatility_regime,bb_upper_24_2;close;ema_12;ema_26;macd_hist;realized_vol_24h;return_1h;return_24h;volume_zscore_24h,ok,ok,-1.075468,-0.036404,0.158770,26,0.384615,4,3.233,
4f894318-eb69-48b5-95ef-e22abe3ecdd1,117,ab6d0f69976bf350,volume_divergence_momentum_fade,volume_divergence,macd_hist;return_1h;return_24h;rsi_14;volume_zscore_24h,ok,ok,-0.632774,-0.038515,0.170316,143,0.398601,4,3.216,
4f894318-eb69-48b5-95ef-e22abe3ecdd1,118,fb11b8004db3362c,monday_mean_reversion_oversold,calendar_effect,day_of_week;macd_hist;return_1h;return_24h;rsi_14,ok,ok,-0.827402,-0.062156,0.205209,26,0.461538,4,3.198,
4f894318-eb69-48b5-95ef-e22abe3ecdd1,119,4a3c8e2fe04d72c1,momentum_exhaustion_rsi_macd_reversal,momentum,macd_hist;return_1h;return_24h;rsi_14,ok,ok,0.537150,0.042920,0.120058,84,0.428571,4,3.205,
4f894318-eb69-48b5-95ef-e22abe3ecdd1,120,c6a04a062ebfff25,compressed_volatility_bollinger_bounce,mean_reversion,bb_upper_24_2;close;realized_vol_24h;return_24h;rsi_14;zscore_48,ok,ok,0.262790,0.003292,0.274076,90,0.677778,4,3.269,
4f894318-eb69-48b5-95ef-e22abe3ecdd1,121,a3181eef6990658b,volatility_expansion_breakout_confirmation,volatility_regime,close;macd_hist;realized_vol_24h;return_24h;sma_20,ok,ok,-0.651600,-0.027400,0.134442,3,0.333333,4,3.188,
4f894318-eb69-48b5-95ef-e22abe3ecdd1,122,c92607ecb32cfd8d,volume_divergence_momentum_fade,volume_divergence,close;macd_hist;return_24h;rsi_14;sma_20;volume_zscore_24h,ok,ok,0.056939,0.010221,0.079799,69,0.507246,4,3.215,
4f894318-eb69-48b5-95ef-e22abe3ecdd1,123,dfb2c257f968f024,weekend_volatility_compression_preempt,calendar_effect,day_of_week;hour_of_day;macd_hist;realized_vol_24h;return_24h;rsi_14,ok,ok,0.680977,0.074111,0.172300,45,0.511111,4,3.237,
4f894318-eb69-48b5-95ef-e22abe3ecdd1,124,2b51c440cc691551,momentum_exhaustion_rsi_divergence,momentum,close;macd_hist;return_24h;rsi_14;sma_20;sma_50,ok,ok,-0.906968,-0.078286,0.281001,154,0.272727,4,3.230,
4f894318-eb69-48b5-95ef-e22abe3ecdd1,125,edad176d2dc9e20e,bollinger_squeeze_reversion_entry,mean_reversion,atr_14;bb_upper_24_2;close;macd_hist;return_24h;rsi_14;sma_24;sma_50,ok,ok,0.000000,0.000000,0.000000,0,0.000000,4,3.260,
4f894318-eb69-48b5-95ef-e22abe3ecdd1,126,08a5432de58e521d,low_vol_ema_crossover_breakout,volatility_regime,atr_14;close;ema_12;ema_26;macd_hist;realized_vol_24h;return_24h;rsi_14;sma_50,ok,ok,0.000000,0.000000,0.000000,0,0.000000,4,3.219,
4f894318-eb69-48b5-95ef-e22abe3ecdd1,127,d4bc12cadc0c7514,volume_surge_divergence_fade,volume_divergence,close;macd_hist;return_24h;rsi_14;sma_20;volume_zscore_24h,ok,ok,-0.708160,-0.024246,0.150470,68,0.397059,4,3.205,
4f894318-eb69-48b5-95ef-e22abe3ecdd1,128,88a0ff53e3d1adbb,monday_open_reversal_fade,calendar_effect,close;day_of_week;return_1h;return_24h;rsi_14;sma_20,ok,ok,-1.757872,-0.114813,0.241499,70,0.328571,4,3.213,
4f894318-eb69-48b5-95ef-e22abe3ecdd1,129,9868a84f953684aa,macd_momentum_vol_breakout,momentum,close;macd_hist;realized_vol_24h;return_24h;rsi_14;sma_20,ok,ok,-0.251841,-0.007301,0.079529,1,0.000000,4,3.213,
4f894318-eb69-48b5-95ef-e22abe3ecdd1,130,3c2329d16c72d255,overnight_gap_fade_rsi_oversold,mean_reversion,bb_upper_24_2;close;hour_of_day;return_1h;return_24h;rsi_14;sma_24,ok,ok,-0.066716,-0.038658,0.296226,138,0.594203,4,3.240,
4f894318-eb69-48b5-95ef-e22abe3ecdd1,131,492591647b8b0c6f,vol_regime_shift_atr_expansion,volatility_regime,atr_14;close;ema_12;macd_hist;realized_vol_24h;return_24h;volume_zscore_24h,ok,ok,0.000000,0.000000,0.000000,0,0.000000,4,3.250,
4f894318-eb69-48b5-95ef-e22abe3ecdd1,132,0e60fa7cbe668f3f,volume_divergence_price_macd_fade,volume_divergence,close;macd_hist;rsi_14;sma_50;volume_zscore_24h,ok,ok,-0.694493,-0.050529,0.202920,262,0.442748,4,3.246,
4f894318-eb69-48b5-95ef-e22abe3ecdd1,133,ec19542ce9c0d415,monday_momentum_continuation_ema,calendar_effect,close;day_of_week;ema_12;macd_hist;return_168h;return_24h;rsi_14,ok,ok,0.583973,0.009039,0.018962,7,0.571429,4,3.197,
4f894318-eb69-48b5-95ef-e22abe3ecdd1,134,b01b6b8320a737d4,rsi_momentum_acceleration_macd_confirm,momentum,close;ema_26;macd_hist;return_24h;rsi_14,ok,ok,0.421127,0.072572,0.189784,215,0.418605,4,3.240,
4f894318-eb69-48b5-95ef-e22abe3ecdd1,135,e0fe84b931b4c8f6,bb_upper_reversal_vol_spike,mean_reversion,bb_upper_24_2;close;macd_hist;realized_vol_24h;return_24h;rsi_14;sma_24,ok,ok,0.000000,0.000000,0.000000,0,0.000000,4,3.204,
4f894318-eb69-48b5-95ef-e22abe3ecdd1,136,883f311f124de8cd,low_vol_compression_breakout_rsi,volatility_regime,close;macd_hist;realized_vol_24h;return_24h;rsi_14;sma_20,ok,ok,-0.140403,0.008389,0.269765,214,0.364486,4,3.285,
4f894318-eb69-48b5-95ef-e22abe3ecdd1,137,047d1ddebb7bf01a,volume_surge_price_lag_momentum,volume_divergence,close;macd_hist;return_24h;rsi_14;sma_20;volume_zscore_24h,ok,ok,-0.812270,-0.093102,0.329588,55,0.472727,4,3.238,
4f894318-eb69-48b5-95ef-e22abe3ecdd1,138,9008d56a61c4c52f,monday_dip_buy_vol_confirm,calendar_effect,close;day_of_week;macd_hist;realized_vol_24h;return_24h;rsi_14;sma_20,ok,ok,0.333156,0.039346,0.190965,38,0.394737,4,3.233,
4f894318-eb69-48b5-95ef-e22abe3ecdd1,139,70af0cbc8af496ea,ema_crossover_momentum_surge,momentum,ema_12;ema_26;macd_hist;return_24h;rsi_14,ok,ok,-0.213680,-0.013152,0.226232,129,0.418605,4,3.250,
4f894318-eb69-48b5-95ef-e22abe3ecdd1,140,aa1f2f24f3d42f7b,zscore_oversold_vol_contraction_reversal,mean_reversion,realized_vol_24h;return_24h;rsi_14;zscore_48,ok,ok,0.073642,-0.030789,0.343587,229,0.454148,4,3.265,
4f894318-eb69-48b5-95ef-e22abe3ecdd1,141,1f848b541b28e627,vol_regime_breakout_atr_expansion,volatility_regime,atr_14;bb_upper_24_2;close;return_24h;rsi_14;sma_24;volume_zscore_24h,ok,ok,0.000000,0.000000,0.000000,0,0.000000,4,3.222,
4f894318-eb69-48b5-95ef-e22abe3ecdd1,142,c158aa05f962c54f,volume_divergence_momentum_fade,volume_divergence,macd_hist;return_24h;rsi_14;volume_zscore_24h,ok,ok,-0.201717,-0.028930,0.241035,137,0.576642,4,3.214,
4f894318-eb69-48b5-95ef-e22abe3ecdd1,143,6faa71a7b98792e9,monday_opening_gap_fade_vol_spike,calendar_effect,day_of_week;hour_of_day;realized_vol_24h;return_24h;rsi_14,ok,ok,0.000000,0.000000,0.000000,0,0.000000,4,3.191,
4f894318-eb69-48b5-95ef-e22abe3ecdd1,144,42f3d53b5a5e6c6d,momentum_exhaustion_macd_reversal,momentum,macd_hist;return_24h;rsi_14,ok,ok,-1.356236,-0.050199,0.160972,38,0.394737,4,3.178,
4f894318-eb69-48b5-95ef-e22abe3ecdd1,145,6879d9b1422e87c5,bollinger_squeeze_reversal_vol_collapse,mean_reversion,bb_upper_24_2;close;macd_hist;realized_vol_24h;return_24h;rsi_14;sma_24,ok,ok,-1.752746,-0.017628,0.052718,11,0.272727,4,3.213,
4f894318-eb69-48b5-95ef-e22abe3ecdd1,146,51ec0f7e548a9ab8,vol_regime_shift_atr_expansion,volatility_regime,atr_14;close;realized_vol_24h;return_24h;sma_50;zscore_48,ok,ok,0.000000,0.000000,0.000000,0,0.000000,4,3.241,
4f894318-eb69-48b5-95ef-e22abe3ecdd1,147,1980dd70f3e46574,volume_divergence_price_breakout,volume_divergence,close;macd_hist;return_24h;rsi_14;sma_50;volume_zscore_24h,ok,ok,-2.010479,-0.054160,0.128404,10,0.300000,4,3.204,
4f894318-eb69-48b5-95ef-e22abe3ecdd1,148,556f941e081d87f7,weekend_volatility_compression_monday_reversal,calendar_effect,close;day_of_week;hour_of_day;realized_vol_24h;return_24h;sma_20,ok,ok,-0.141763,0.017628,0.117769,44,0.454545,4,3.224,
4f894318-eb69-48b5-95ef-e22abe3ecdd1,149,c8fea24759401229,momentum_exhaustion_rsi_macd_divergence,momentum,close;macd_hist;return_24h;rsi_14;sma_20,ok,ok,-1.261730,-0.055168,0.207461,35,0.400000,4,3.198,
4f894318-eb69-48b5-95ef-e22abe3ecdd1,150,dc19a334cf422bc6,bollinger_overshoot_volatility_normalization,mean_reversion,bb_upper_24_2;close;realized_vol_24h;return_24h;rsi_14;sma_24,ok,ok,0.000000,0.000000,0.000000,0,0.000000,4,3.197,
4f894318-eb69-48b5-95ef-e22abe3ecdd1,151,1189c2dab29cb124,low_vol_regime_breakdown_momentum_capture,volatility_regime,close;macd_hist;realized_vol_24h;return_24h;sma_20;sma_50;volume_zscore_24h,ok,ok,0.683161,0.022440,0.119107,65,0.476923,4,3.283,
4f894318-eb69-48b5-95ef-e22abe3ecdd1,152,c30c05772f46c115,volume_surge_price_stagnation_breakout,volume_divergence,close;macd_hist;return_24h;sma_20;volume_zscore_24h,ok,ok,0.039877,-0.008408,0.087427,37,0.405405,4,3.206,
4f894318-eb69-48b5-95ef-e22abe3ecdd1,153,e5d5360b017c25d2,monday_opening_reversal_vol_regime,calendar_effect,close;day_of_week;hour_of_day;macd_hist;realized_vol_24h;return_24h;sma_20,ok,ok,0.000000,0.000000,0.000000,0,0.000000,4,3.184,
4f894318-eb69-48b5-95ef-e22abe3ecdd1,154,80c75ca3905854f9,rsi_oversold_momentum_reversal_156,momentum,close;macd_hist;return_24h;rsi_14;sma_20;volume_zscore_24h,ok,ok,0.943354,0.014994,0.014309,2,1.000000,4,3.208,
4f894318-eb69-48b5-95ef-e22abe3ecdd1,155,634a5a7fcbc4b3e1,bb_lower_breach_vol_compression_reversion,mean_reversion,bb_upper_24_2;close;macd_hist;realized_vol_24h;return_24h;rsi_14;zscore_48,ok,ok,0.202388,-0.016682,0.337674,87,0.597701,4,3.229,
4f894318-eb69-48b5-95ef-e22abe3ecdd1,156,63b384f4c52e61cd,vol_regime_shift_momentum_entry_158,volatility_regime,close;ema_12;macd_hist;realized_vol_24h;return_24h;rsi_14;volume_zscore_24h,ok,ok,0.000000,0.000000,0.000000,0,0.000000,4,3.208,
4f894318-eb69-48b5-95ef-e22abe3ecdd1,157,2f532a682e518ccc,volume_surge_price_lag_divergence_159,volume_divergence,macd_hist;return_1h;return_24h;rsi_14;volume_zscore_24h,ok,ok,-0.165397,-0.014370,0.218993,54,0.518519,4,3.233,
4f894318-eb69-48b5-95ef-e22abe3ecdd1,158,34588c948b1ff12b,weekend_vol_compression_monday_breakout_160,calendar_effect,close;day_of_week;ema_12;macd_hist;realized_vol_24h;return_24h;rsi_14;volume_zscore_24h,ok,ok,0.624753,0.020915,0.134355,33,0.484848,4,3.231,
4f894318-eb69-48b5-95ef-e22abe3ecdd1,159,767a22ce53966f3e,oversold_bounce_bollinger_mean_revert_162,mean_reversion,bb_upper_24_2;close;macd_hist;return_24h;rsi_14;sma_24;volume_zscore_24h;zscore_48,ok,ok,0.416886,0.024655,0.210847,97,0.628866,4,3.240,
4f894318-eb69-48b5-95ef-e22abe3ecdd1,160,2dd1dae13426f663,low_vol_consolidation_breakout_above_ema26_163,volatility_regime,close;ema_12;ema_26;macd_hist;realized_vol_24h;return_24h;rsi_14,ok,ok,-0.698661,-0.087421,0.426879,104,0.519231,4,3.249,
4f894318-eb69-48b5-95ef-e22abe3ecdd1,161,83a0a0681009e10a,volume_divergence_price_continuation_164,volume_divergence,close;ema_26;macd_hist;return_168h;return_24h;rsi_14;sma_50;volume_zscore_24h,ok,ok,-2.011038,-0.088731,0.198023,228,0.407895,4,3.254,
4f894318-eb69-48b5-95ef-e22abe3ecdd1,162,066ebf66cb37534b,monday_morning_weakness_fade_165,calendar_effect,close;day_of_week;hour_of_day;macd_hist;return_24h;rsi_14;sma_20;sma_50,ok,ok,-0.313584,-0.038130,0.197548,24,0.500000,4,3.276,
4f894318-eb69-48b5-95ef-e22abe3ecdd1,163,e5b3460058fc9cd7,macd_histogram_expansion_momentum_continuation_166,momentum,close;ema_12;macd_hist;return_24h;rsi_14,ok,ok,-0.829408,-0.065011,0.295549,115,0.530435,4,3.214,
4f894318-eb69-48b5-95ef-e22abe3ecdd1,164,33e8e90bdafab206,bollinger_overshoot_mean_reversion_167,mean_reversion,bb_upper_24_2;close;macd_hist;return_24h;rsi_14;sma_24;volume_zscore_24h,ok,ok,-0.163453,-0.004827,0.059961,10,0.200000,4,3.230,
4f894318-eb69-48b5-95ef-e22abe3ecdd1,165,4ce6b90bcfdfdcab,volatility_regime_shift_breakout_168,volatility_regime,close;macd_hist;realized_vol_24h;return_24h;rsi_14;sma_20;sma_50,ok,ok,0.000000,0.000000,0.000000,0,0.000000,4,3.206,
4f894318-eb69-48b5-95ef-e22abe3ecdd1,166,6ad2a9428103bf3e,volume_divergence_breakout_confirmation_169,volume_divergence,close;macd_hist;return_24h;rsi_14;sma_20;sma_50;volume_zscore_24h,ok,ok,-0.015071,-0.023022,0.233131,16,0.375000,4,3.214,
4f894318-eb69-48b5-95ef-e22abe3ecdd1,167,5aeb85efcce86bd7,monday_morning_dip_buying_170,calendar_effect,close;day_of_week;hour_of_day;macd_hist;return_24h;rsi_14;sma_20,ok,ok,-0.548783,-0.128273,0.490195,335,0.531343,4,3.320,
4f894318-eb69-48b5-95ef-e22abe3ecdd1,168,22edbd42817470d8,momentum_acceleration_pullback_171,momentum,macd_hist;return_1h;return_24h;rsi_14,ok,ok,0.475341,0.004832,0.016807,3,0.666667,4,3.195,
4f894318-eb69-48b5-95ef-e22abe3ecdd1,169,7610bd97d7d946a7,bollinger_overextension_mean_revert_172,mean_reversion,bb_upper_24_2;close;macd_hist;realized_vol_24h;return_1h;return_24h;rsi_14;sma_24,ok,ok,-0.251841,-0.007301,0.079529,1,0.000000,4,3.210,
4f894318-eb69-48b5-95ef-e22abe3ecdd1,170,70bb4c1573b585d0,volatility_regime_shift_fade_173,volatility_regime,realized_vol_24h;return_1h;return_24h;rsi_14;zscore_48,ok,ok,0.000000,0.000000,0.000000,0,0.000000,4,3.202,
4f894318-eb69-48b5-95ef-e22abe3ecdd1,171,a32edb99979780b1,volume_divergence_momentum_fade_174,volume_divergence,macd_hist;return_1h;return_24h;rsi_14;volume_zscore_24h,ok,ok,-0.327854,-0.002417,0.064628,13,0.538462,4,3.192,
4f894318-eb69-48b5-95ef-e22abe3ecdd1,172,5afc9ea1bf3bb204,weekend_volatility_fade_175,calendar_effect,day_of_week;macd_hist;realized_vol_24h;return_1h;return_24h;rsi_14,ok,ok,0.000000,0.000000,0.000000,0,0.000000,4,3.239,
4f894318-eb69-48b5-95ef-e22abe3ecdd1,173,6f3b5a8e4862130d,macd_momentum_exhaustion_176,momentum,macd_hist;realized_vol_24h;return_1h;return_24h;rsi_14,ok,ok,0.000000,0.000000,0.000000,0,0.000000,4,3.195,
4f894318-eb69-48b5-95ef-e22abe3ecdd1,174,fdcc5537c30ac040,bollinger_overshoot_fade_177,mean_reversion,atr_14;bb_upper_24_2;close;return_1h;return_24h;rsi_14;sma_24,ok,ok,0.000000,0.000000,0.000000,0,0.000000,4,3.208,
4f894318-eb69-48b5-95ef-e22abe3ecdd1,175,7007ae7b81e4a2bd,volatility_compression_breakout_178,volatility_regime,atr_14;close;macd_hist;realized_vol_24h;return_24h;rsi_14;sma_20,ok,ok,-0.220123,-0.040146,0.311452,11,0.454545,4,3.217,
4f894318-eb69-48b5-95ef-e22abe3ecdd1,176,6d600ccac90fc960,volume_divergence_momentum_fade_179,volume_divergence,close;ema_12;macd_hist;return_1h;return_24h;rsi_14;volume_zscore_24h,ok,ok,-2.333196,-0.120186,0.253098,109,0.321101,4,3.221,
4f894318-eb69-48b5-95ef-e22abe3ecdd1,177,3e07725266d74467,weekend_consolidation_monday_breakout_180,calendar_effect,close;day_of_week;ema_12;macd_hist;return_24h;rsi_14;sma_20,ok,ok,0.278575,0.021245,0.052553,12,0.583333,4,3.269,
4f894318-eb69-48b5-95ef-e22abe3ecdd1,178,c9c428c2dc6e4584,momentum_exhaustion_rsi_divergence_181,momentum,close;ema_26;macd_hist;realized_vol_24h;return_1h;return_24h;rsi_14,ok,ok,0.000000,0.000000,0.000000,0,0.000000,4,3.214,
4f894318-eb69-48b5-95ef-e22abe3ecdd1,179,ba7afd79d50ac581,bollinger_overextension_mean_revert_182,mean_reversion,bb_upper_24_2;close;macd_hist;realized_vol_24h;return_24h;rsi_14;sma_24,ok,ok,-0.390966,-0.012202,0.101831,1,0.000000,4,3.229,
4f894318-eb69-48b5-95ef-e22abe3ecdd1,180,cfa7ae997f8ac814,low_vol_regime_momentum_fade_183,volatility_regime,close;ema_26;macd_hist;realized_vol_24h;return_1h;return_24h;rsi_14;sma_50,ok,ok,0.137308,-0.006882,0.246511,103,0.368932,4,3.240,
4f894318-eb69-48b5-95ef-e22abe3ecdd1,181,cf62465a796f3842,volume_surge_divergence_fade_184,volume_divergence,close;macd_hist;return_1h;return_24h;rsi_14;sma_50;volume_zscore_24h,ok,ok,-0.941523,-0.079413,0.290506,223,0.448430,4,3.271,
4f894318-eb69-48b5-95ef-e22abe3ecdd1,182,fcfd59c5ae50801b,weekend_vol_compression_entry_185,calendar_effect,day_of_week;hour_of_day;realized_vol_24h;return_24h;rsi_14,ok,ok,0.888777,0.048309,0.272319,78,0.679487,4,3.218,
4f894318-eb69-48b5-95ef-e22abe3ecdd1,183,bf4a13fe9ab77eb5,momentum_exhaustion_rsi_macd_reversal_186,momentum,bb_upper_24_2;close;macd_hist;realized_vol_24h;return_1h;return_24h;rsi_14;sma_20,ok,ok,-0.071470,-0.001196,0.020335,1,0.000000,4,3.277,
4f894318-eb69-48b5-95ef-e22abe3ecdd1,184,d1342c22a09eeacc,bollinger_squeeze_breakout_fade_187,mean_reversion,atr_14;bb_upper_24_2;close;macd_hist;realized_vol_24h;return_1h;return_24h;rsi_14;sma_24,ok,ok,1.389404,0.164033,0.161587,123,0.455285,4,3.272,
4f894318-eb69-48b5-95ef-e22abe3ecdd1,185,cdab66c553a567aa,vol_regime_shift_atr_expansion_188,volatility_regime,atr_14;close;macd_hist;realized_vol_24h;return_24h;rsi_14;sma_20;sma_50;volume_zscore_24h,ok,ok,0.000000,0.000000,0.000000,0,0.000000,4,3.232,
4f894318-eb69-48b5-95ef-e22abe3ecdd1,186,72edb3f8fca470d2,volume_divergence_price_momentum_189,volume_divergence,close;macd_hist;return_1h;return_24h;rsi_14;sma_20;volume_zscore_24h,ok,ok,0.154744,0.004886,0.246311,101,0.356436,4,3.228,
4f894318-eb69-48b5-95ef-e22abe3ecdd1,187,14d0d19759cc4739,weekend_effect_friday_exit_momentum_190,calendar_effect,close;day_of_week;hour_of_day;macd_hist;return_24h;rsi_14;sma_20,ok,ok,-1.875738,-0.154371,0.442934,151,0.317881,4,3.257,
4f894318-eb69-48b5-95ef-e22abe3ecdd1,188,61ce85279fc65577,momentum_persistence_rsi_strength_191,momentum,close;macd_hist;return_1h;return_24h;rsi_14;sma_20;volume_zscore_24h,ok,ok,-0.236616,-0.029883,0.296218,47,0.446809,4,3.265,
4f894318-eb69-48b5-95ef-e22abe3ecdd1,189,25f4fe956e7028b2,mean_reversion_bb_oversold_rsi_192,mean_reversion,bb_upper_24_2;close;return_1h;return_24h;rsi_14;sma_24;volume_zscore_24h;zscore_48,ok,ok,0.000000,0.000000,0.000000,0,0.000000,4,3.226,
4f894318-eb69-48b5-95ef-e22abe3ecdd1,190,e20f17f6aad550fa,volatility_expansion_breakout_193,volatility_regime,atr_14;bb_upper_24_2;close;macd_hist;realized_vol_24h;return_24h;rsi_14;sma_24;volume_zscore_24h,ok,ok,0.000000,0.000000,0.000000,0,0.000000,4,3.229,
4f894318-eb69-48b5-95ef-e22abe3ecdd1,191,4ff2a09d1f16a743,volume_divergence_momentum_fade_194,volume_divergence,close;macd_hist;return_1h;return_24h;rsi_14;sma_20;volume_zscore_24h,ok,ok,-0.421705,-0.061456,0.336611,109,0.366972,4,3.243,
4f894318-eb69-48b5-95ef-e22abe3ecdd1,192,a67e704a37341a31,monday_mean_reversion_oversold_195,calendar_effect,close;day_of_week;macd_hist;return_1h;return_24h;rsi_14;sma_50,ok,ok,0.294301,0.009321,0.181262,23,0.478261,4,3.235,
4f894318-eb69-48b5-95ef-e22abe3ecdd1,193,8def2951c72f0961,momentum_continuation_crossover_196,momentum,close;ema_12;ema_26;macd_hist;return_1h;return_24h;rsi_14;sma_50;volume_zscore_24h,ok,ok,-0.418065,0.011685,0.233040,36,0.361111,4,3.293,
4f894318-eb69-48b5-95ef-e22abe3ecdd1,194,52e8a79ec96860c5,bollinger_exhaustion_mean_revert_197,mean_reversion,bb_upper_24_2;close;macd_hist;realized_vol_24h;return_1h;return_24h;rsi_14;sma_24;zscore_48,ok,ok,0.000000,0.000000,0.000000,0,0.000000,4,3.301,
4f894318-eb69-48b5-95ef-e22abe3ecdd1,195,033e71fcdcfef419,vol_regime_breakout_filter_198,volatility_regime,close;macd_hist;realized_vol_24h;return_24h;rsi_14;sma_20,ok,ok,1.422281,0.041300,0.025940,4,1.000000,4,3.746,
4f894318-eb69-48b5-95ef-e22abe3ecdd1,196,70063a478553b2ad,volume_divergence_breakout_199,volume_divergence,close;macd_hist;return_1h;return_24h;rsi_14;sma_50;volume_zscore_24h,ok,ok,0.334392,-0.028198,0.389840,26,0.423077,4,3.700,
4f894318-eb69-48b5-95ef-e22abe3ecdd1,197,41d3b759a1004c97,monday_morning_momentum_200,calendar_effect,day_of_week;hour_of_day;macd_hist;return_168h;return_24h;rsi_14,ok,ok,0.075603,0.043605,0.037860,10,0.400000,4,3.362,
355a8f9f-2a1f-435d-a1a8-c365b92e185b,198,29410618182e84f8,momentum_macd_cross_mean_reversion,momentum,macd_hist;zscore_48,ok,ok,-0.465073,-0.039845,0.220931,82,0.378049,4,3.103,
355a8f9f-2a1f-435d-a1a8-c365b92e185b,199,143005f3b6df68e8,bb_reversion_rsi_oversold,mean_reversion,bb_upper_24_2;close;rsi_14;zscore_48,ok,ok,0.536821,0.044347,0.285722,80,0.662500,4,3.102,
355a8f9f-2a1f-435d-a1a8-c365b92e185b,200,9b251749dbda286a,volatility_breakout_atr_expansion,volatility_regime,atr_14;close;realized_vol_24h;sma_20,ok,ok,0.000000,0.000000,0.000000,0,0.000000,4,3.079,
355a8f9f-2a1f-435d-a1a8-c365b92e185b,201,cde6ff33683ac466,volume_surge_momentum_divergence,volume_divergence,close;macd_hist;sma_20;volume_zscore_24h,ok,ok,0.059769,-0.006472,0.202419,41,0.463415,4,3.124,
355a8f9f-2a1f-435d-a1a8-c365b92e185b,202,6fe8a1f623777d39,monday_morning_reversion,calendar_effect,day_of_week;hour_of_day;return_1h;return_24h;rsi_14,ok,ok,-0.206880,-0.020482,0.116130,15,0.666667,4,3.098,
355a8f9f-2a1f-435d-a1a8-c365b92e185b,203,53e1b5030aefe836,triple_ema_momentum_convergence,momentum,ema_12;ema_26;macd_hist;rsi_14;sma_50,ok,ok,-0.688907,-0.016244,0.136850,31,0.290323,4,3.161,
355a8f9f-2a1f-435d-a1a8-c365b92e185b,204,65f32d8477eab09f,bollinger_mean_reversion_oversold,mean_reversion,bb_upper_24_2;close;return_168h;rsi_14;zscore_48,ok,ok,1.745777,0.164308,0.271859,66,0.742424,4,3.135,
355a8f9f-2a1f-435d-a1a8-c365b92e185b,205,b0ee7da823d99331,volatility_contraction_breakout,volatility_regime,atr_14;close;realized_vol_24h;rsi_14;sma_20;volume_zscore_24h,ok,ok,1.238918,0.189819,0.321478,17,0.470588,4,3.164,
355a8f9f-2a1f-435d-a1a8-c365b92e185b,206,5cf8eff1d9ed5c3a,volume_surge_momentum_divergence,volume_divergence,return_168h;return_24h;rsi_14;volume_zscore_24h,ok,ok,-0.423840,-0.034841,0.183869,45,0.555556,4,3.131,
355a8f9f-2a1f-435d-a1a8-c365b92e185b,207,33c6adfcc24704ac,monday_dip_reversal,calendar_effect,day_of_week;return_24h;rsi_14;zscore_48,ok,ok,-0.381319,-0.035962,0.192322,30,0.500000,4,3.139,
355a8f9f-2a1f-435d-a1a8-c365b92e185b,208,d4954da6e41b6af2,macd_histogram_acceleration,momentum,close;macd_hist;return_24h;rsi_14;sma_50;volume_zscore_24h,ok,ok,-0.255787,-0.017603,0.127394,99,0.414141,4,3.193,
355a8f9f-2a1f-435d-a1a8-c365b92e185b,209,df2c99e0785f1371,bollinger_oversold_mean_reversion,mean_reversion,bb_upper_24_2;close;realized_vol_24h;return_24h;rsi_14;sma_24;zscore_48,ok,ok,0.000000,0.000000,0.000000,0,0.000000,4,3.143,
355a8f9f-2a1f-435d-a1a8-c365b92e185b,210,56ec64f2b41f1de0,high_vol_regime_breakout,volatility_regime,close;macd_hist;realized_vol_24h;return_24h;rsi_14;sma_20;volume_zscore_24h,ok,ok,0.000000,0.000000,0.000000,0,0.000000,4,3.170,
355a8f9f-2a1f-435d-a1a8-c365b92e185b,211,96279f75e9d5da43,volume_divergence_momentum_fade,volume_divergence,close;return_1h;return_24h;rsi_14;sma_50;volume_zscore_24h,ok,ok,2.421883,0.043226,0.029478,8,0.875000,4,3.149,
355a8f9f-2a1f-435d-a1a8-c365b92e185b,212,1d0260f922197671,monday_gap_fade,calendar_effect,day_of_week;hour_of_day;return_1h;return_24h,ok,ok,-0.864923,-0.055647,0.212363,29,0.517241,4,3.143,
355a8f9f-2a1f-435d-a1a8-c365b92e185b,213,8a76645c987165cb,rsi_momentum_continuation,momentum,close;macd_hist;return_24h;rsi_14;sma_50,ok,ok,-0.587268,0.021111,0.234529,117,0.333333,4,3.160,
355a8f9f-2a1f-435d-a1a8-c365b92e185b,214,2dff9a09f841aaf3,bollinger_mean_reversion_oversold,mean_reversion,bb_upper_24_2;close;realized_vol_24h;rsi_14;zscore_48,ok,ok,0.720297,0.043086,0.262830,108,0.694444,4,3.202,
355a8f9f-2a1f-435d-a1a8-c365b92e185b,215,0383ea8633e84f10,low_vol_breakout_ema_cross,volatility_regime,ema_12;ema_26;realized_vol_24h;return_168h;return_24h,ok,ok,0.092013,0.031547,0.221992,68,0.308824,4,3.167,
355a8f9f-2a1f-435d-a1a8-c365b92e185b,216,0b39eea8d5e55299,volume_surge_momentum_confirm,volume_divergence,close;macd_hist;return_24h;sma_20;volume_zscore_24h,ok,ok,0.318027,0.025254,0.154248,121,0.528926,4,3.176,
355a8f9f-2a1f-435d-a1a8-c365b92e185b,217,ef0cbf245a4944e4,monday_dip_buy_rsi_oversold,calendar_effect,close;day_of_week;return_24h;rsi_14;sma_20,ok,ok,-1.214850,-0.095937,0.233422,43,0.558140,4,3.165,
355a8f9f-2a1f-435d-a1a8-c365b92e185b,218,a1dc43f91bc16116,rsi_momentum_surge_breakout,momentum,close;macd_hist;return_24h;rsi_14;sma_50,ok,ok,0.708350,0.072114,0.191319,178,0.421348,4,3.198,
355a8f9f-2a1f-435d-a1a8-c365b92e185b,219,cd1e4e1ad8f6c652,bb_mean_reversion_zscore_vol,mean_reversion,bb_upper_24_2;close;realized_vol_24h;return_24h;zscore_48,ok,ok,0.621867,0.051649,0.341756,106,0.660377,4,3.212,
355a8f9f-2a1f-435d-a1a8-c365b92e185b,220,68bccca2d478ec28,vol_compression_breakout_atr,volatility_regime,atr_14;close;realized_vol_24h;return_24h;sma_20,ok,ok,0.019054,-0.005684,0.569040,111,0.585586,4,3.195,
355a8f9f-2a1f-435d-a1a8-c365b92e185b,221,93805d5fa86220ec,volume_surge_momentum_divergence,volume_divergence,close;ema_12;macd_hist;return_24h;volume_zscore_24h,ok,ok,-1.559129,-0.060946,0.143153,18,0.388889,4,3.167,
355a8f9f-2a1f-435d-a1a8-c365b92e185b,222,f0e63923263b7a13,monday_dip_buying,calendar_effect,close;day_of_week;return_24h;rsi_14;sma_20,ok,ok,-0.904042,-0.087077,0.241305,42,0.452381,4,3.178,
355a8f9f-2a1f-435d-a1a8-c365b92e185b,223,e55ef973789d7b14,momentum_reversal_rsi_oversold,momentum,close;ema_26;macd_hist;return_24h;rsi_14,ok,ok,0.152647,-0.002024,0.051213,2,0.500000,4,3.164,
355a8f9f-2a1f-435d-a1a8-c365b92e185b,224,9a9c1173149a8235,bb_mean_reversion_oversold,mean_reversion,bb_upper_24_2;close;return_24h;rsi_14;sma_24;zscore_48,ok,ok,0.646011,0.056226,0.204623,95,0.673684,4,3.228,
355a8f9f-2a1f-435d-a1a8-c365b92e185b,225,d17fe04e23c11c2b,volatility_expansion_breakout,volatility_regime,close;realized_vol_24h;return_24h;sma_20;volume_zscore_24h,ok,ok,0.000000,0.000000,0.000000,0,0.000000,4,3.168,
355a8f9f-2a1f-435d-a1a8-c365b92e185b,226,dfc8ee66aae4733d,volume_divergence_price_strength,volume_divergence,close;return_24h;rsi_14;sma_20;volume_zscore_24h,ok,ok,-2.151865,-0.208190,0.482255,477,0.471698,4,3.237,
355a8f9f-2a1f-435d-a1a8-c365b92e185b,227,44fe71f77c2a01a7,monday_dip_buy,calendar_effect,close;day_of_week;return_1h;return_24h;rsi_14;sma_20,ok,ok,0.058328,-0.023204,0.362483,33,0.484848,4,3.197,
355a8f9f-2a1f-435d-a1a8-c365b92e185b,228,015da957fdd129b4,momentum_exhaustion_reversal,momentum,close;macd_hist;rsi_14;sma_50,ok,ok,0.575420,0.026571,0.127622,21,0.666667,4,3.165,
355a8f9f-2a1f-435d-a1a8-c365b92e185b,229,ef926e5a6a8cef2a,bollinger_mean_reversion_oversold,mean_reversion,bb_upper_24_2;close;rsi_14;zscore_48,ok,ok,0.720297,0.043086,0.262830,108,0.694444,4,3.223,
355a8f9f-2a1f-435d-a1a8-c365b92e185b,230,7a9132b4acb732f7,volatility_expansion_momentum,volatility_regime,close;ema_12;macd_hist;realized_vol_24h;return_24h,ok,ok,0.000000,0.000000,0.000000,0,0.000000,4,3.183,
355a8f9f-2a1f-435d-a1a8-c365b92e185b,231,a3bfc14fcd1f666e,volume_divergence_breakout,volume_divergence,close;return_24h;rsi_14;sma_20;volume_zscore_24h,ok,ok,-1.010162,-0.047764,0.158557,29,0.413793,4,3.180,
355a8f9f-2a1f-435d-a1a8-c365b92e185b,232,2c5e3cc08d407b73,monday_mean_reversion,calendar_effect,day_of_week;hour_of_day;return_168h;return_24h,ok,ok,0.235629,-0.011649,0.169502,26,0.500000,4,3.167,
355a8f9f-2a1f-435d-a1a8-c365b92e185b,233,0607c2826543b6bd,dual_ema_momentum_continuation,momentum,ema_12;ema_26;macd_hist;return_24h,ok,ok,0.129418,0.007620,0.244199,75,0.293333,4,3.187,
355a8f9f-2a1f-435d-a1a8-c365b92e185b,234,fa4c2a40e1dc68d3,bollinger_oversold_mean_reversion,mean_reversion,bb_upper_24_2;close;realized_vol_24h;rsi_14;zscore_48,ok,ok,1.035672,0.074604,0.094292,4,1.000000,4,3.203,
355a8f9f-2a1f-435d-a1a8-c365b92e185b,235,9b4e89966b17dc32,volatility_regime_breakout,volatility_regime,macd_hist;realized_vol_24h;return_1h;return_24h;rsi_14;volume_zscore_24h,ok,ok,0.000000,0.000000,0.000000,0,0.000000,4,3.182,
355a8f9f-2a1f-435d-a1a8-c365b92e185b,236,827414fabb99f661,volume_divergence_momentum_surge,volume_divergence,macd_hist;return_1h;return_24h;volume_zscore_24h,ok,ok,-0.127640,-0.018841,0.195246,74,0.486486,4,3.185,
355a8f9f-2a1f-435d-a1a8-c365b92e185b,237,03efcafde543264c,monday_weakness_volatility_fade,calendar_effect,day_of_week;realized_vol_24h;return_1h;return_24h;rsi_14,ok,ok,0.000000,0.000000,0.000000,0,0.000000,4,3.176,
355a8f9f-2a1f-435d-a1a8-c365b92e185b,238,d5f077a826648162,momentum_continuation_crossover,momentum,ema_12;ema_26;macd_hist;return_168h;return_1h;rsi_14,ok,ok,-0.105708,0.014391,0.123762,23,0.391304,4,3.199,
355a8f9f-2a1f-435d-a1a8-c365b92e185b,239,60231fcaef8db034,bollinger_overextension_reversion,mean_reversion,bb_upper_24_2;close;realized_vol_24h;return_1h;rsi_14;zscore_48,ok,ok,0.777642,0.058633,0.288624,98,0.693878,4,3.250,
355a8f9f-2a1f-435d-a1a8-c365b92e185b,240,ba3130938c27c5a0,volatility_compression_breakout,volatility_regime,atr_14;close;realized_vol_24h;return_24h;rsi_14;sma_20;volume_zscore_24h,ok,ok,-0.166996,-0.054671,0.565137,246,0.552846,4,3.255,
355a8f9f-2a1f-435d-a1a8-c365b92e185b,241,810efd85ee754104,volume_divergence_momentum_entry,volume_divergence,macd_hist;return_1h;return_24h;rsi_14;volume_zscore_24h,ok,ok,0.352815,0.063425,0.247130,33,0.424242,4,3.190,
355a8f9f-2a1f-435d-a1a8-c365b92e185b,242,f29ee0f71350c2c0,monday_dip_buying_anomaly,calendar_effect,day_of_week;return_168h;return_24h;rsi_14;volume_zscore_24h,ok,ok,0.816311,0.049368,0.227402,26,0.538462,4,3.180,
355a8f9f-2a1f-435d-a1a8-c365b92e185b,243,1d8f36f18bcdf986,macd_rsi_momentum_surge,momentum,macd_hist;return_1h;return_24h;rsi_14;volume_zscore_24h,ok,ok,-0.496354,-0.067522,0.363814,44,0.318182,4,3.202,
355a8f9f-2a1f-435d-a1a8-c365b92e185b,244,bc11a6a1e7226560,bb_reversion_oversold_bounce,mean_reversion,bb_upper_24_2;close;return_24h;rsi_14;volume_zscore_24h;zscore_48,ok,ok,0.874014,0.089038,0.218574,84,0.666667,4,3.241,
355a8f9f-2a1f-435d-a1a8-c365b92e185b,245,d1983fcbf8e63999,vol_regime_breakout_confirmation,volatility_regime,realized_vol_24h;return_1h;return_24h;rsi_14;volume_zscore_24h,ok,ok,0.000000,0.000000,0.000000,0,0.000000,4,3.191,
355a8f9f-2a1f-435d-a1a8-c365b92e185b,246,5fcf29ab42c5f8b6,volume_divergence_momentum_fade,volume_divergence,return_1h;return_24h;rsi_14;volume_zscore_24h,ok,ok,2.281513,0.270467,0.160695,146,0.575342,4,3.222,
355a8f9f-2a1f-435d-a1a8-c365b92e185b,247,4f702c80614321fb,weekend_volatility_mean_reversion,calendar_effect,day_of_week;realized_vol_24h;return_24h;rsi_14,ok,ok,0.000000,0.000000,0.000000,0,0.000000,4,3.183,
355a8f9f-2a1f-435d-a1a8-c365b92e185b,248,f08ea89e1d0a9197,macd_momentum_acceleration_entry,momentum,macd_hist;return_168h;return_24h;rsi_14;volume_zscore_24h,ok,ok,-0.021673,0.017257,0.223857,36,0.472222,4,3.206,
355a8f9f-2a1f-435d-a1a8-c365b92e185b,249,842c8a6ac4475a89,bollinger_band_oversold_reversion,mean_reversion,bb_upper_24_2;close;realized_vol_24h;return_24h;rsi_14;zscore_48,ok,ok,0.284471,0.015703,0.094195,1,1.000000,4,3.197,
355a8f9f-2a1f-435d-a1a8-c365b92e185b,250,4755bacb9cec1e25,low_vol_regime_breakout,volatility_regime,close;macd_hist;realized_vol_24h;return_24h;rsi_14;sma_20,ok,ok,0.312106,0.035001,0.376193,82,0.390244,4,3.256,
355a8f9f-2a1f-435d-a1a8-c365b92e185b,251,4bcd0a14c31f07b3,volume_divergence_momentum_fade,volume_divergence,close;return_1h;return_24h;rsi_14;sma_20;sma_50;volume_zscore_24h,ok,ok,-0.712400,-0.040661,0.277587,126,0.341270,4,3.236,
355a8f9f-2a1f-435d-a1a8-c365b92e185b,252,ec45681e9d06fd88,monday_volatility_compression_breakout,calendar_effect,close;day_of_week;ema_12;macd_hist;realized_vol_24h;return_24h;rsi_14,ok,ok,-1.116303,-0.029882,0.206604,29,0.310345,4,3.222,
355a8f9f-2a1f-435d-a1a8-c365b92e185b,253,956a881f80560240,momentum_acceleration_rsi_breakout,momentum,close;macd_hist;return_24h;rsi_14;sma_20,ok,ok,0.246147,0.027883,0.276315,105,0.466667,4,3.218,
355a8f9f-2a1f-435d-a1a8-c365b92e185b,254,293a0ac11fd2c407,bollinger_oversold_reversion_entry,mean_reversion,bb_upper_24_2;close;realized_vol_24h;return_24h;rsi_14;sma_24;zscore_48,ok,ok,0.329962,0.018757,0.094195,1,1.000000,4,3.204,
355a8f9f-2a1f-435d-a1a8-c365b92e185b,255,8199c66faf6a656e,volatility_expansion_momentum_entry,volatility_regime,close;realized_vol_24h;return_168h;return_24h;rsi_14;sma_50,ok,ok,0.000000,0.000000,0.000000,0,0.000000,4,3.219,
355a8f9f-2a1f-435d-a1a8-c365b92e185b,256,e80846c21ee131a7,volume_divergence_momentum_reversal,volume_divergence,close;return_24h;rsi_14;sma_20;volume_zscore_24h,ok,ok,0.550092,0.076534,0.456145,77,0.636364,4,3.212,
355a8f9f-2a1f-435d-a1a8-c365b92e185b,257,9561dd18d4f5e4f1,monday_dawn_volatility_fade,calendar_effect,close;day_of_week;hour_of_day;realized_vol_24h;return_24h;rsi_14;sma_20,ok,ok,0.000000,0.000000,0.000000,0,0.000000,4,3.201,
355a8f9f-2a1f-435d-a1a8-c365b92e185b,258,328b374d9cb81dd3,macd_histogram_acceleration_entry,momentum,close;ema_12;ema_26;macd_hist;return_168h;return_24h;rsi_14,ok,ok,-1.145435,-0.132868,0.356263,48,0.375000,4,3.216,
355a8f9f-2a1f-435d-a1a8-c365b92e185b,259,96d3d062e6df3a79,bollinger_lower_band_bounce_mean_reversion,mean_reversion,bb_upper_24_2;close;macd_hist;return_1h;return_24h;rsi_14;sma_24;zscore_48,ok,ok,0.000000,0.000000,0.000000,0,0.000000,4,3.211,
355a8f9f-2a1f-435d-a1a8-c365b92e185b,260,a4a7392b903f920e,high_vol_regime_momentum_breakout,volatility_regime,close;macd_hist;realized_vol_24h;return_168h;rsi_14;sma_50,ok,ok,0.000000,0.000000,0.000000,0,0.000000,4,3.242,
355a8f9f-2a1f-435d-a1a8-c365b92e185b,261,abd90743342267d8,volume_surge_divergence_momentum_entry,volume_divergence,close;ema_12;ema_26;macd_hist;return_168h;rsi_14;volume_zscore_24h,ok,ok,-1.449108,-0.048364,0.146111,12,0.250000,4,3.209,
355a8f9f-2a1f-435d-a1a8-c365b92e185b,262,784a1204fb07092d,monday_oversold_reversal_entry,calendar_effect,close;day_of_week;return_168h;return_24h;rsi_14;sma_20,ok,ok,0.552096,0.022249,0.328716,37,0.567568,4,3.215,
355a8f9f-2a1f-435d-a1a8-c365b92e185b,263,574081236b04e7dd,momentum_acceleration_ema_crossover,momentum,ema_12;ema_26;macd_hist;return_24h;rsi_14,ok,ok,-0.048957,-0.024904,0.336111,100,0.370000,4,3.207,
355a8f9f-2a1f-435d-a1a8-c365b92e185b,264,7baae904a411dc45,bb_upper_rejection_mean_reversion,mean_reversion,bb_upper_24_2;close;realized_vol_24h;return_24h;rsi_14;sma_24,ok,ok,0.526024,0.038721,0.131800,6,0.666667,4,3.199,
355a8f9f-2a1f-435d-a1a8-c365b92e185b,265,1125280243127540,low_volatility_breakout_continuation,volatility_regime,close;macd_hist;realized_vol_24h;rsi_14;sma_50,ok,ok,-0.162129,-0.059456,0.464060,80,0.375000,4,3.257,
355a8f9f-2a1f-435d-a1a8-c365b92e185b,266,12c335bd0ecb0126,volume_divergence_momentum_reversal,volume_divergence,close;ema_12;macd_hist;return_24h;rsi_14;volume_zscore_24h,ok,ok,0.883544,0.024010,0.365033,73,0.479452,4,3.215,
355a8f9f-2a1f-435d-a1a8-c365b92e185b,267,bc5ea1beab19fcdd,monday_momentum_continuation,calendar_effect,bb_upper_24_2;close;day_of_week;ema_12;macd_hist;return_24h;rsi_14,ok,ok,-0.233385,-0.003921,0.179000,58,0.482759,4,3.232,
355a8f9f-2a1f-435d-a1a8-c365b92e185b,268,ce5ebfac8a8d52ce,momentum_acceleration_regime_shift,momentum,bb_upper_24_2;close;macd_hist;return_168h;return_24h;rsi_14,ok,ok,0.347842,0.055712,0.255230,26,0.692308,4,3.214,
355a8f9f-2a1f-435d-a1a8-c365b92e185b,269,94e1ad2dbf47aca4,oversold_bollinger_mean_reversion,mean_reversion,bb_upper_24_2;close;return_1h;return_24h;rsi_14;sma_24;zscore_48,ok,ok,1.679617,0.219337,0.337360,79,0.658228,4,3.236,
355a8f9f-2a1f-435d-a1a8-c365b92e185b,270,ee488cfefdc12a92,low_volatility_breakout_entry,volatility_regime,close;macd_hist;realized_vol_24h;rsi_14;sma_20;volume_zscore_24h,ok,ok,-0.824365,-0.108356,0.400399,72,0.319444,4,3.227,
355a8f9f-2a1f-435d-a1a8-c365b92e185b,271,7a89a204b9651f55,volume_divergence_breakout_confirmation,volume_divergence,close;return_24h;rsi_14;sma_50;volume_zscore_24h,ok,ok,-0.170613,-0.013614,0.267188,18,0.444444,4,3.243,
355a8f9f-2a1f-435d-a1a8-c365b92e185b,272,b47c7a6979a88f2c,monday_momentum_continuation,calendar_effect,day_of_week;macd_hist;return_168h;return_24h;rsi_14;volume_zscore_24h,ok,ok,-0.000950,-0.002314,0.216239,22,0.500000,4,3.211,
355a8f9f-2a1f-435d-a1a8-c365b92e185b,273,e895b3ce218609fe,macd_histogram_momentum_surge,momentum,macd_hist;return_24h;rsi_14;volume_zscore_24h,ok,ok,-1.266268,-0.113682,0.318894,48,0.333333,4,3.195,
355a8f9f-2a1f-435d-a1a8-c365b92e185b,274,c774bf3c43233903,bollinger_mean_reversion_oversold,mean_reversion,bb_upper_24_2;close;realized_vol_24h;return_24h;rsi_14;zscore_48,ok,ok,1.625885,0.187051,0.115941,11,0.909091,4,3.208,
355a8f9f-2a1f-435d-a1a8-c365b92e185b,275,e694ffbb583ecaa5,volatility_compression_breakout,volatility_regime,atr_14;macd_hist;realized_vol_24h;return_24h;rsi_14,ok,ok,0.112868,0.081693,0.352283,281,0.313167,4,3.501,
355a8f9f-2a1f-435d-a1a8-c365b92e185b,276,ac05b06987f87da1,volume_divergence_price_decline,volume_divergence,macd_hist;return_24h;rsi_14;volume_zscore_24h,ok,ok,-0.539707,-0.034595,0.339547,66,0.454545,4,3.698,
355a8f9f-2a1f-435d-a1a8-c365b92e185b,277,185af0426f587dd4,monday_morning_dip_buy,calendar_effect,close;day_of_week;hour_of_day;return_24h;rsi_14;sma_20,ok,ok,0.681435,0.026037,0.191397,35,0.628571,4,3.758,
355a8f9f-2a1f-435d-a1a8-c365b92e185b,278,e0fffd5853b774ec,momentum_continuation_macd_rsi,momentum,macd_hist;return_24h;rsi_14,ok,ok,-0.718451,-0.085335,0.424753,68,0.441176,4,3.368,
355a8f9f-2a1f-435d-a1a8-c365b92e185b,279,e344524d3ce47ec7,bollinger_oversold_reversion,mean_reversion,close;realized_vol_24h;return_24h;rsi_14;sma_24;zscore_48,ok,ok,0.994078,0.117155,0.245073,14,0.785714,4,3.703,
355a8f9f-2a1f-435d-a1a8-c365b92e185b,280,75a79b23c95f97c2,low_vol_breakout_entry,volatility_regime,close;macd_hist;realized_vol_24h;rsi_14;sma_50;volume_zscore_24h,ok,ok,-0.826376,-0.090391,0.371776,67,0.298507,4,3.594,
355a8f9f-2a1f-435d-a1a8-c365b92e185b,281,3c32a13563c24140,volume_divergence_momentum_fade,volume_divergence,close;macd_hist;return_1h;return_24h;rsi_14;sma_20;volume_zscore_24h,ok,ok,-1.479116,-0.137266,0.379096,160,0.362500,4,3.513,
355a8f9f-2a1f-435d-a1a8-c365b92e185b,282,122845f1f8d69687,monday_dip_buy,calendar_effect,close;day_of_week;return_24h;rsi_14;sma_20,ok,ok,-0.033242,-0.029860,0.211446,36,0.500000,4,3.759,
355a8f9f-2a1f-435d-a1a8-c365b92e185b,283,a3b04839fed03a89,macd_hist_momentum_surge,momentum,close;ema_12;ema_26;macd_hist;return_24h;rsi_14,ok,ok,-0.285560,-0.021213,0.280978,52,0.346154,4,3.561,
355a8f9f-2a1f-435d-a1a8-c365b92e185b,284,0f0259841c74e7bd,bbands_reversal_mean_revert,mean_reversion,bb_upper_24_2;close;return_24h;rsi_14;zscore_48,ok,ok,1.161191,0.131320,0.234430,88,0.681818,4,3.510,
355a8f9f-2a1f-435d-a1a8-c365b92e185b,285,2582344b47ba5d7c,vol_regime_breakout_long,volatility_regime,close;realized_vol_24h;return_168h;return_24h;rsi_14;sma_50,ok,ok,0.000000,0.000000,0.000000,0,0.000000,4,3.230,
355a8f9f-2a1f-435d-a1a8-c365b92e185b,286,1145dcedf733adc9,volume_divergence_breakout,volume_divergence,close;ema_12;return_1h;return_24h;rsi_14;volume_zscore_24h,ok,ok,-2.116076,-0.153663,0.368479,35,0.228571,4,3.261,
355a8f9f-2a1f-435d-a1a8-c365b92e185b,287,3d4443d61c85b936,monday_momentum_long,calendar_effect,close;day_of_week;ema_26;hour_of_day;return_168h;return_24h;rsi_14,ok,ok,1.239322,0.041952,0.046821,40,0.525000,4,3.234,
355a8f9f-2a1f-435d-a1a8-c365b92e185b,288,e8cc429c0fef56e5,macd_hist_reversal_long,momentum,close;macd_hist;return_24h;rsi_14;sma_50,ok,ok,0.795221,0.032286,0.047193,2,1.000000,4,3.225,
355a8f9f-2a1f-435d-a1a8-c365b92e185b,289,3e06acb1f1049fbf,bb_oversold_mean_reversion,mean_reversion,bb_upper_24_2;close;realized_vol_24h;return_1h;return_24h;rsi_14;sma_24,ok,ok,0.000000,0.000000,0.000000,0,0.000000,4,3.213,
355a8f9f-2a1f-435d-a1a8-c365b92e185b,290,889e9cce2cc80678,vol_regime_expansion_long,volatility_regime,macd_hist;realized_vol_24h;return_24h;rsi_14;zscore_48,ok,ok,-0.245083,-0.012273,0.154055,1,0.000000,4,3.211,
355a8f9f-2a1f-435d-a1a8-c365b92e185b,291,c0cb1b2177a40a42,volume_surge_momentum_long,volume_divergence,macd_hist;return_24h;rsi_14;volume_zscore_24h,ok,ok,-1.216922,-0.090158,0.384393,60,0.516667,4,3.231,
355a8f9f-2a1f-435d-a1a8-c365b92e185b,292,3d6f33897faac9d5,monday_mean_reversion_long,calendar_effect,close;day_of_week;return_168h;return_24h;rsi_14;sma_24;sma_50,ok,ok,0.454549,0.041958,0.394631,30,0.566667,4,3.285,
355a8f9f-2a1f-435d-a1a8-c365b92e185b,293,f6932c497596c75d,momentum_confirmation_cross_long,momentum,ema_12;ema_26;macd_hist;return_24h;rsi_14,ok,ok,0.154797,0.002931,0.412449,84,0.369048,4,3.244,
355a8f9f-2a1f-435d-a1a8-c365b92e185b,294,ba539eaca8c5b25d,bollinger_oversold_reversion_long,mean_reversion,bb_upper_24_2;close;return_1h;return_24h;rsi_14;sma_24;zscore_48,ok,ok,0.000000,0.000000,0.000000,0,0.000000,4,3.235,
355a8f9f-2a1f-435d-a1a8-c365b92e185b,295,8991d3fb18cfaa4b,high_volatility_regime_breakout_long,volatility_regime,close;macd_hist;realized_vol_24h;rsi_14;sma_20,ok,ok,0.000000,0.000000,0.000000,0,0.000000,4,3.215,
355a8f9f-2a1f-435d-a1a8-c365b92e185b,296,244e522bd81170eb,volume_divergence_momentum_reversal_long,volume_divergence,macd_hist;return_24h;rsi_14;volume_zscore_24h;zscore_48,ok,ok,-0.563564,-0.090119,0.299057,142,0.485915,4,3.246,
355a8f9f-2a1f-435d-a1a8-c365b92e185b,297,d57b764571c92679,monday_weakness_reversal_long,calendar_effect,close;day_of_week;return_24h;rsi_14;sma_20;sma_50,ok,ok,0.432962,0.061090,0.388787,29,0.448276,4,3.258,
355a8f9f-2a1f-435d-a1a8-c365b92e185b,298,98aa036990c3de0c,momentum_continuation_ema_crossover_long,momentum,ema_12;ema_26;macd_hist;return_24h;rsi_14,ok,ok,-0.619888,-0.065760,0.255041,59,0.355932,4,3.233,
355a8f9f-2a1f-435d-a1a8-c365b92e185b,299,9ffab4e51db75b50,bollinger_mean_reversion_oversold_long,mean_reversion,bb_upper_24_2;close;return_1h;return_24h;rsi_14;sma_24;zscore_48,ok,ok,1.292343,0.178584,0.241506,108,0.657407,4,3.271,
355a8f9f-2a1f-435d-a1a8-c365b92e185b,300,afff0b2dc833a8c9,volatility_expansion_breakout_long,volatility_regime,bb_upper_24_2;close;macd_hist;realized_vol_24h;rsi_14;sma_20;volume_zscore_24h,ok,ok,0.000000,0.000000,0.000000,0,0.000000,4,3.236,
355a8f9f-2a1f-435d-a1a8-c365b92e185b,301,cee61e39df3e64fa,volume_divergence_momentum_reversal_long,volume_divergence,close;macd_hist;return_24h;rsi_14;sma_20;volume_zscore_24h,ok,ok,0.419173,0.012834,0.268220,83,0.662651,4,3.239,
355a8f9f-2a1f-435d-a1a8-c365b92e185b,302,fb0dfc38dfd26ea3,weekend_effect_volatility_fade_long,calendar_effect,close;day_of_week;hour_of_day;realized_vol_24h;return_24h;rsi_14;sma_20,ok,ok,0.000000,0.000000,0.000000,0,0.000000,4,3.258,
355a8f9f-2a1f-435d-a1a8-c365b92e185b,303,854b3ae01f324583,momentum_persistence_ema_crossover_long,momentum,ema_12;ema_26;macd_hist;return_24h;rsi_14;volume_zscore_24h,ok,ok,0.519958,0.049739,0.155407,26,0.346154,4,3.235,
355a8f9f-2a1f-435d-a1a8-c365b92e185b,304,000fd48018c48486,bollinger_reversal_oversold_long,mean_reversion,bb_upper_24_2;close;return_24h;rsi_14;sma_24;zscore_48,ok,ok,0.559686,0.021428,0.310123,77,0.662338,4,3.241,
355a8f9f-2a1f-435d-a1a8-c365b92e185b,305,60342b676128c0b2,volatility_regime_shift_breakout_long,volatility_regime,close;macd_hist;realized_vol_24h;return_24h;rsi_14;sma_50,ok,ok,0.000000,0.000000,0.000000,0,0.000000,4,3.214,
355a8f9f-2a1f-435d-a1a8-c365b92e185b,306,6ad7b67c888ffe7b,volume_divergence_momentum_fade_long,volume_divergence,macd_hist;return_1h;return_24h;rsi_14;volume_zscore_24h,ok,ok,-0.616158,-0.041195,0.195180,78,0.384615,4,3.238,
355a8f9f-2a1f-435d-a1a8-c365b92e185b,307,245f46428412561a,monday_morning_contrarian_long,calendar_effect,day_of_week;hour_of_day;return_168h;return_24h;rsi_14,ok,ok,1.362765,0.033006,0.117238,8,0.625000,4,3.249,
355a8f9f-2a1f-435d-a1a8-c365b92e185b,308,6e139359124baae3,momentum_exhaustion_bb_reversion_long,momentum,bb_upper_24_2;close;macd_hist;return_24h;rsi_14;sma_24,ok,ok,0.849798,0.095303,0.241506,137,0.671533,4,3.280,
355a8f9f-2a1f-435d-a1a8-c365b92e185b,309,deb30899fa040877,volatility_compression_zscore_reversion_long,mean_reversion,macd_hist;realized_vol_24h;return_24h;rsi_14;zscore_48,ok,ok,0.395253,0.006391,0.283609,106,0.641509,4,3.227,
355a8f9f-2a1f-435d-a1a8-c365b92e185b,310,05dd49fc65b92641,volatility_spike_fade_long,volatility_regime,atr_14;close;macd_hist;realized_vol_24h;return_24h;sma_20,ok,ok,0.273904,0.013274,0.089271,3,0.666667,4,3.219,
355a8f9f-2a1f-435d-a1a8-c365b92e185b,311,a540992fa444f39f,volume_divergence_momentum_continuation_long,volume_divergence,ema_12;ema_26;macd_hist;return_24h;volume_zscore_24h,ok,ok,-0.410956,-0.016630,0.154598,15,0.400000,4,3.243,
355a8f9f-2a1f-435d-a1a8-c365b92e185b,312,6fa80c734d8c85bd,monday_effect_momentum_continuation_long,calendar_effect,close;day_of_week;macd_hist;return_168h;return_24h;rsi_14;sma_50,ok,ok,0.152556,0.025471,0.207754,119,0.436975,4,3.250,
355a8f9f-2a1f-435d-a1a8-c365b92e185b,313,f2a11efd5b391406,momentum_continuation_weekly_breakout_long,momentum,close;macd_hist;return_168h;rsi_14;sma_50,ok,ok,0.053529,0.027314,0.195916,28,0.321429,4,3.279,
355a8f9f-2a1f-435d-a1a8-c365b92e185b,314,97293e98be38a917,oversold_bounce_rsi_bb_mean_reversion_long,mean_reversion,close;macd_hist;realized_vol_24h;return_1h;return_24h;rsi_14;sma_24,ok,ok,0.000000,0.000000,0.000000,0,0.000000,4,3.213,
355a8f9f-2a1f-435d-a1a8-c365b92e185b,315,e75b8978ea8549bd,vol_regime_shift_compression_breakout_long,volatility_regime,atr_14;close;realized_vol_24h;return_24h;rsi_14;sma_20,ok,ok,0.665833,0.189608,0.561268,100,0.470000,4,3.253,
355a8f9f-2a1f-435d-a1a8-c365b92e185b,316,7015fbe78368c54c,volume_divergence_breakout_confirmation_long,volume_divergence,close;macd_hist;rsi_14;sma_50;volume_zscore_24h,ok,ok,0.049315,-0.006962,0.154975,29,0.448276,4,3.229,
355a8f9f-2a1f-435d-a1a8-c365b92e185b,317,41c1405d6cf1b8f5,weekend_vol_compression_momentum_long,calendar_effect,close;day_of_week;ema_12;realized_vol_24h;return_24h;rsi_14,ok,ok,0.385381,0.044151,0.271807,74,0.364865,4,3.242,
355a8f9f-2a1f-435d-a1a8-c365b92e185b,318,38df2ee4704a74af,momentum_persistence_ema_crossover_long,momentum,ema_12;ema_26;macd_hist;return_24h;rsi_14,ok,ok,-0.143017,-0.003996,0.216244,44,0.340909,4,3.279,
355a8f9f-2a1f-435d-a1a8-c365b92e185b,319,cfd70086acfe1ce7,mean_reversion_bb_oversold_bounce_long,mean_reversion,bb_upper_24_2;close;return_1h;return_24h;rsi_14;zscore_48,ok,ok,1.078099,0.099120,0.231088,97,0.680412,4,3.248,
355a8f9f-2a1f-435d-a1a8-c365b92e185b,320,d85a6bf66cc58229,volatility_expansion_breakout_long,volatility_regime,close;realized_vol_24h;return_168h;return_24h;rsi_14;sma_50;volume_zscore_24h,ok,ok,0.000000,0.000000,0.000000,0,0.000000,4,3.218,
355a8f9f-2a1f-435d-a1a8-c365b92e185b,321,bbd22ead73f1d756,volume_divergence_momentum_fade_long,volume_divergence,close;return_1h;return_24h;rsi_14;sma_50;volume_zscore_24h,ok,ok,0.147933,-0.003986,0.417543,110,0.381818,4,3.252,
355a8f9f-2a1f-435d-a1a8-c365b92e185b,322,4ebcd2f9f7b701a4,monday_volatility_breakout_long,calendar_effect,close;day_of_week;realized_vol_24h;return_1h;return_24h;rsi_14;sma_20,ok,ok,0.000000,0.000000,0.000000,0,0.000000,4,3.229,
355a8f9f-2a1f-435d-a1a8-c365b92e185b,323,81b8a10a0b95ab04,macd_histogram_momentum_reversal_long,momentum,close;ema_26;macd_hist;return_24h;rsi_14,ok,ok,0.070579,-0.001757,0.472502,68,0.602941,4,3.290,
355a8f9f-2a1f-435d-a1a8-c365b92e185b,324,e54577d91d191675,bollinger_mean_reversion_oversold_long,mean_reversion,bb_upper_24_2;close;realized_vol_24h;return_1h;return_24h;rsi_14;sma_24,ok,ok,0.000000,0.000000,0.000000,0,0.000000,4,3.229,
355a8f9f-2a1f-435d-a1a8-c365b92e185b,325,4ad574b031f51e1c,volatility_compression_expansion_long,volatility_regime,atr_14;close;macd_hist;realized_vol_24h;rsi_14;sma_24;sma_50,ok,ok,0.000000,0.000000,0.000000,0,0.000000,4,3.235,
355a8f9f-2a1f-435d-a1a8-c365b92e185b,326,8e1d9ef098c1d65c,volume_surge_momentum_continuation_long,volume_divergence,close;ema_26;return_24h;rsi_14;volume_zscore_24h,ok,ok,0.006571,-0.003045,0.214016,113,0.469027,4,3.238,
355a8f9f-2a1f-435d-a1a8-c365b92e185b,327,5f728577e942d2a0,weekend_reversal_monday_long,calendar_effect,close;day_of_week;ema_26;hour_of_day;return_168h;return_24h;rsi_14,ok,ok,1.465168,0.028490,0.126642,7,0.714286,4,3.248,
355a8f9f-2a1f-435d-a1a8-c365b92e185b,328,740b14260e39b850,macd_histogram_momentum_acceleration_long,momentum,close;ema_26;macd_hist;return_24h;rsi_14,ok,ok,-1.656188,-0.176326,0.438080,98,0.418367,4,3.281,
355a8f9f-2a1f-435d-a1a8-c365b92e185b,329,a65443dc29533024,zscore_reversal_oversold_long,mean_reversion,close;return_24h;rsi_14;sma_50;zscore_48,ok,ok,0.000000,0.000000,0.000000,0,0.000000,4,3.223,
355a8f9f-2a1f-435d-a1a8-c365b92e185b,330,b43131f78f05d50e,volume_spike_momentum_divergence_long,volume_divergence,close;macd_hist;return_24h;rsi_14;sma_20;volume_zscore_24h,ok,ok,-0.911007,-0.053006,0.256090,16,0.562500,4,3.229,
355a8f9f-2a1f-435d-a1a8-c365b92e185b,331,7f42ab5453fddc3a,weekday_momentum_entry_long,calendar_effect,close;day_of_week;macd_hist;return_24h;rsi_14;sma_20,ok,ok,0.054952,0.032987,0.342954,40,0.475000,4,3.237,
355a8f9f-2a1f-435d-a1a8-c365b92e185b,332,6e6c287251a4ca6e,macd_crossover_momentum_acceleration_long,momentum,close;ema_12;macd_hist;return_24h;rsi_14,ok,ok,0.040604,0.029019,0.376629,48,0.604167,4,3.244,
355a8f9f-2a1f-435d-a1a8-c365b92e185b,333,3bb156e7210766a9,bollinger_mean_reversion_oversold_long,mean_reversion,bb_upper_24_2;close;realized_vol_24h;return_24h;rsi_14;sma_24,ok,ok,0.000000,0.000000,0.000000,0,0.000000,4,3.219,
355a8f9f-2a1f-435d-a1a8-c365b92e185b,334,db60895d22ead7aa,low_vol_breakout_long,volatility_regime,close;realized_vol_24h;return_24h;rsi_14;sma_50,ok,ok,0.291486,-0.000245,0.445069,20,0.500000,4,3.279,
355a8f9f-2a1f-435d-a1a8-c365b92e185b,335,c2523e2537726216,volume_divergence_momentum_breakout_long,volume_divergence,close;macd_hist;return_24h;rsi_14;sma_20;volume_zscore_24h,ok,ok,0.483020,0.008795,0.298806,21,0.619048,4,3.238,
355a8f9f-2a1f-435d-a1a8-c365b92e185b,336,e35f542c1dd0d9b8,monday_dip_buy_calendar_effect,calendar_effect,day_of_week;hour_of_day;return_1h;return_24h;rsi_14,ok,ok,-0.028254,-0.022362,0.213284,39,0.512821,4,3.222,
355a8f9f-2a1f-435d-a1a8-c365b92e185b,337,3abf60dbb221a106,momentum_acceleration_rsi_surge_long,momentum,close;ema_12;macd_hist;return_24h;rsi_14,ok,ok,-0.114824,-0.004446,0.163266,50,0.360000,4,3.235,
355a8f9f-2a1f-435d-a1a8-c365b92e185b,338,26f2698792e4486e,oversold_mean_revert_bb_bounce,mean_reversion,bb_upper_24_2;close;return_1h;return_24h;rsi_14;sma_24;zscore_48,ok,ok,0.897464,0.085043,0.243083,106,0.688679,4,3.259,
355a8f9f-2a1f-435d-a1a8-c365b92e185b,339,0a6c9b34b3540967,volume_divergence_momentum_fade,volume_divergence,close;ema_12;macd_hist;return_1h;return_24h;rsi_14;volume_zscore_24h,ok,ok,-1.479168,-0.124091,0.272700,115,0.347826,4,3.313,
355a8f9f-2a1f-435d-a1a8-c365b92e185b,340,f3de4abbdcc64456,monday_weakness_fade_mean_revert,calendar_effect,close;day_of_week;return_1h;return_24h;rsi_14;sma_20,ok,ok,-0.372777,-0.036344,0.292296,37,0.594595,4,3.242,
355a8f9f-2a1f-435d-a1a8-c365b92e185b,341,1990cc5d562ed056,macd_momentum_confirmation_breakout,momentum,close;ema_12;macd_hist;return_1h;rsi_14,ok,ok,-1.530717,-0.180049,0.404773,64,0.281250,4,3.249,
355a8f9f-2a1f-435d-a1a8-c365b92e185b,342,4964c1e7f4e66ace,bb_overshoot_volatility_reversion,mean_reversion,bb_upper_24_2;close;realized_vol_24h;return_1h;rsi_14;sma_24;zscore_48,ok,ok,0.442813,0.013212,0.005531,1,1.000000,4,3.236,
355a8f9f-2a1f-435d-a1a8-c365b92e185b,343,ad53ed3109ccde89,vol_regime_shift_momentum_entry,volatility_regime,close;ema_26;macd_hist;realized_vol_24h;return_1h;rsi_14,ok,ok,0.000000,0.000000,0.000000,0,0.000000,4,3.228,
355a8f9f-2a1f-435d-a1a8-c365b92e185b,344,4f1b2bccdcddfc25,volume_divergence_momentum_fade,volume_divergence,close;macd_hist;return_1h;rsi_14;sma_50;volume_zscore_24h,ok,ok,-0.225817,-0.024987,0.259515,75,0.386667,4,3.271,
355a8f9f-2a1f-435d-a1a8-c365b92e185b,345,80823f5de9addeec,monday_morning_volatility_fade,calendar_effect,day_of_week;hour_of_day;realized_vol_24h;return_1h;rsi_14,ok,ok,0.000000,0.000000,0.000000,0,0.000000,4,3.224,
355a8f9f-2a1f-435d-a1a8-c365b92e185b,346,22133f0836ffa829,macd_cross_vol_expansion_momentum,momentum,atr_14;close;macd_hist;return_1h;rsi_14;sma_20,ok,ok,-0.610795,-0.099951,0.491343,79,0.569620,4,3.257,
355a8f9f-2a1f-435d-a1a8-c365b92e185b,347,7b12318c373254c5,bb_reversion_oversold_vol_spike,mean_reversion,bb_upper_24_2;close;realized_vol_24h;return_1h;rsi_14;sma_24;zscore_48,ok,ok,0.000000,0.000000,0.000000,0,0.000000,4,3.229,
355a8f9f-2a1f-435d-a1a8-c365b92e185b,348,b98b7e9801bb9981,vol_compression_ema_crossover,volatility_regime,close;ema_12;ema_26;macd_hist;realized_vol_24h;rsi_14;sma_50,ok,ok,0.963344,0.191903,0.458334,40,0.525000,4,3.263,
355a8f9f-2a1f-435d-a1a8-c365b92e185b,349,02f8fda73135b5bf,volume_divergence_oversold_reversion,volume_divergence,close;return_24h;rsi_14;sma_20;sma_50;volume_zscore_24h;zscore_48,ok,ok,0.830646,0.041910,0.132641,22,0.636364,4,3.238,
355a8f9f-2a1f-435d-a1a8-c365b92e185b,350,7d0388bf9239fcca,monday_morning_dip_buy,calendar_effect,close;day_of_week;hour_of_day;return_24h;rsi_14;sma_20,ok,ok,0.221411,-0.012637,0.199215,29,0.586207,4,3.288,
355a8f9f-2a1f-435d-a1a8-c365b92e185b,351,56a48e258a754043,momentum_continuation_breakout,momentum,close;macd_hist;return_24h;rsi_14;sma_20;sma_50,ok,ok,-1.748904,-0.077814,0.225256,45,0.355556,4,3.245,
355a8f9f-2a1f-435d-a1a8-c365b92e185b,352,42292860be1ff273,bollinger_squeeze_mean_reversion,mean_reversion,bb_upper_24_2;close;realized_vol_24h;return_24h;rsi_14;zscore_48,ok,ok,0.521121,0.030061,0.292060,92,0.663043,4,3.259,
355a8f9f-2a1f-435d-a1a8-c365b92e185b,353,738f4279667c33c7,volatility_regime_shift_reentry,volatility_regime,atr_14;realized_vol_24h;return_24h;rsi_14;zscore_48,ok,ok,-0.007310,-0.048421,0.521867,75,0.586667,4,3.259,
355a8f9f-2a1f-435d-a1a8-c365b92e185b,354,bab68fd782851cce,volume_divergence_momentum_fade,volume_divergence,macd_hist;return_1h;return_24h;rsi_14;volume_zscore_24h,ok,ok,0.606891,0.045725,0.257862,76,0.631579,4,3.226,
355a8f9f-2a1f-435d-a1a8-c365b92e185b,355,5d34af9257d20963,monday_dip_buying,calendar_effect,close;day_of_week;return_1h;return_24h;rsi_14;sma_24,ok,ok,-0.713327,-0.081213,0.228965,31,0.580645,4,3.276,
355a8f9f-2a1f-435d-a1a8-c365b92e185b,356,5fa9037ddc1fe457,momentum_exhaustion_reversal,momentum,close;macd_hist;return_1h;return_24h;rsi_14;sma_50,ok,ok,-1.318146,-0.056223,0.119319,59,0.254237,4,3.245,
355a8f9f-2a1f-435d-a1a8-c365b92e185b,357,d510946f457e31eb,bollinger_overextension_reversion,mean_reversion,bb_upper_24_2;close;return_1h;return_24h;rsi_14;sma_24;zscore_48,ok,ok,1.157035,0.087474,0.156332,91,0.428571,4,3.261,
355a8f9f-2a1f-435d-a1a8-c365b92e185b,358,77fa94157e7fe4fb,low_volatility_breakout_entry,volatility_regime,close;macd_hist;realized_vol_24h;return_1h;return_24h;sma_20,ok,ok,0.798670,0.033822,0.379972,75,0.493333,4,3.258,
355a8f9f-2a1f-435d-a1a8-c365b92e185b,359,88441fdd463818fd,volume_divergence_breakout,volume_divergence,close;macd_hist;return_1h;rsi_14;sma_20;volume_zscore_24h,ok,ok,-0.956286,-0.064573,0.238630,23,0.434783,4,3.232,
355a8f9f-2a1f-435d-a1a8-c365b92e185b,360,e54db0cac44ff61c,monday_morning_low_vol_fade,calendar_effect,close;day_of_week;hour_of_day;realized_vol_24h;return_1h;return_24h;sma_20,ok,ok,0.740833,0.043605,0.265930,33,0.636364,4,3.291,
355a8f9f-2a1f-435d-a1a8-c365b92e185b,361,7f48614e82c0c5ef,momentum_continuation_rsi_pullback,momentum,close;macd_hist;return_1h;return_24h;rsi_14;sma_50,ok,ok,-0.286516,0.013446,0.095595,11,0.545455,4,3.231,
355a8f9f-2a1f-435d-a1a8-c365b92e185b,362,f34514f37c9a57a0,bollinger_mean_reversion_fade,mean_reversion,bb_upper_24_2;close;realized_vol_24h;return_24h;rsi_14;zscore_48,ok,ok,0.204979,-0.011237,0.312696,89,0.595506,4,3.254,
355a8f9f-2a1f-435d-a1a8-c365b92e185b,363,7e0ca36b2c8316ac,vol_breakout_regime_shift,volatility_regime,close;macd_hist;realized_vol_24h;return_24h;rsi_14;sma_20,ok,ok,0.000000,0.000000,0.000000,0,0.000000,4,3.228,
355a8f9f-2a1f-435d-a1a8-c365b92e185b,364,39b71e6c0f8c57ae,volume_divergence_breakout,volume_divergence,close;macd_hist;return_24h;sma_24;volume_zscore_24h,ok,ok,-0.617144,-0.023853,0.163948,19,0.578947,4,3.229,
355a8f9f-2a1f-435d-a1a8-c365b92e185b,365,5b4d89be0ccb9be1,monday_dip_reversal,calendar_effect,close;day_of_week;ema_12;macd_hist;return_24h;rsi_14,ok,ok,0.839511,0.018719,0.038046,6,0.500000,4,3.260,
355a8f9f-2a1f-435d-a1a8-c365b92e185b,366,0794a146965635c6,momentum_surge_continuation,momentum,macd_hist;return_24h;rsi_14,ok,ok,-1.163843,-0.113000,0.384097,57,0.526316,4,3.210,
355a8f9f-2a1f-435d-a1a8-c365b92e185b,367,1e45fa6b0301ff86,oversold_bb_mean_reversion,mean_reversion,bb_upper_24_2;close;macd_hist;return_24h;rsi_14;sma_24;zscore_48,ok,ok,0.057270,-0.009885,0.257351,94,0.627660,4,3.255,
355a8f9f-2a1f-435d-a1a8-c365b92e185b,368,8e0f89d9947cb1be,low_vol_regime_breakout,volatility_regime,close;macd_hist;realized_vol_24h;return_24h;sma_50,ok,ok,-0.222189,-0.071540,0.453715,86,0.395349,4,3.253,
355a8f9f-2a1f-435d-a1a8-c365b92e185b,369,546db53d61d19ec7,volume_divergence_reversal,volume_divergence,macd_hist;return_24h;rsi_14;volume_zscore_24h;zscore_48,ok,ok,0.455927,0.013433,0.073874,11,0.454545,4,3.226,
355a8f9f-2a1f-435d-a1a8-c365b92e185b,370,ee13b149f68472f5,monday_dip_buy,calendar_effect,close;day_of_week;macd_hist;return_24h;rsi_14;sma_20,ok,ok,-0.243447,-0.017447,0.162731,36,0.527778,4,3.242,
355a8f9f-2a1f-435d-a1a8-c365b92e185b,371,393e1afe8e4e7a05,momentum_acceleration_24h,momentum,close;ema_12;ema_26;macd_hist;return_24h;rsi_14,ok,ok,0.454223,0.059895,0.246926,115,0.373913,4,3.296,
355a8f9f-2a1f-435d-a1a8-c365b92e185b,372,29033e516c9caa85,bollinger_overextension_fade,mean_reversion,bb_upper_24_2;close;macd_hist;return_24h;rsi_14;sma_24;zscore_48,ok,ok,0.879906,0.080301,0.276146,89,0.640449,4,3.279,
355a8f9f-2a1f-435d-a1a8-c365b92e185b,373,87cbbd33d5eb3a92,high_vol_breakout_ema_cross,volatility_regime,close;ema_12;ema_26;macd_hist;realized_vol_24h;return_24h;volume_zscore_24h,ok,ok,0.000000,0.000000,0.000000,0,0.000000,4,3.231,
355a8f9f-2a1f-435d-a1a8-c365b92e185b,374,54ae22768a3f78e9,volume_divergence_reversal,volume_divergence,close;macd_hist;return_24h;rsi_14;sma_50;volume_zscore_24h,ok,ok,2.879716,0.054169,0.103225,18,0.833333,4,3.242,
355a8f9f-2a1f-435d-a1a8-c365b92e185b,375,a2bef7a7dcc3184c,monday_morning_reversal,calendar_effect,day_of_week;hour_of_day;return_168h;return_24h;rsi_14,ok,ok,0.839643,0.033318,0.178163,27,0.629630,4,3.228,
355a8f9f-2a1f-435d-a1a8-c365b92e185b,376,3e9a21d8b906a9fe,momentum_surge_rsi_breakout,momentum,close;ema_12;ema_26;macd_hist;return_24h;rsi_14,ok,ok,-0.112944,-0.004260,0.162673,50,0.360000,4,3.293,
355a8f9f-2a1f-435d-a1a8-c365b92e185b,377,f282b4e3949b7e71,bb_squeeze_mean_revert,mean_reversion,bb_upper_24_2;close;realized_vol_24h;return_24h;rsi_14;sma_24;zscore_48,ok,ok,0.000000,0.000000,0.000000,0,0.000000,4,3.522,
355a8f9f-2a1f-435d-a1a8-c365b92e185b,378,31a4a83db48c82af,vol_regime_shift_entry,volatility_regime,close;ema_26;macd_hist;realized_vol_24h;return_24h;rsi_14;sma_20;zscore_48,ok,ok,-0.514530,-0.017837,0.128903,1,0.000000,4,3.585,
355a8f9f-2a1f-435d-a1a8-c365b92e185b,379,ad2fe1836a3f0c34,volume_divergence_reversal,volume_divergence,close;return_24h;rsi_14;sma_20;volume_zscore_24h,ok,ok,-0.032941,-0.010105,0.265798,66,0.636364,4,3.758,
355a8f9f-2a1f-435d-a1a8-c365b92e185b,380,0f699d77f5266402,monday_dip_buying,calendar_effect,close;day_of_week;return_24h;rsi_14;sma_20,ok,ok,0.442444,0.055682,0.385295,29,0.482759,4,3.507,
355a8f9f-2a1f-435d-a1a8-c365b92e185b,381,a93042a566eda8e3,macd_momentum_surge,momentum,close;ema_26;macd_hist;return_24h;rsi_14,ok,ok,0.187306,0.016449,0.416062,50,0.520000,4,3.599,
355a8f9f-2a1f-435d-a1a8-c365b92e185b,382,5cfa54dcc00e06d7,bollinger_oversold_bounce,mean_reversion,bb_upper_24_2;close;return_24h;rsi_14;sma_24;volume_zscore_24h;zscore_48,ok,ok,1.700946,0.191079,0.284947,98,0.642857,4,3.815,
355a8f9f-2a1f-435d-a1a8-c365b92e185b,383,67e1eb65a23d2ea5,volatility_compression_breakout,volatility_regime,close;realized_vol_24h;return_24h;rsi_14;sma_50;volume_zscore_24h;zscore_48,ok,ok,0.512986,0.024988,0.498394,115,0.382609,4,3.551,
355a8f9f-2a1f-435d-a1a8-c365b92e185b,384,ccab163ca130a143,volume_divergence_reversal,volume_divergence,close;return_1h;return_24h;rsi_14;sma_50;volume_zscore_24h,ok,ok,1.105359,0.031080,0.058717,8,0.625000,4,3.563,
355a8f9f-2a1f-435d-a1a8-c365b92e185b,385,916057b3c9befa3e,monday_dip_buying,calendar_effect,close;day_of_week;return_24h;rsi_14;sma_20,ok,ok,0.193203,0.005897,0.303857,32,0.500000,4,3.755,
355a8f9f-2a1f-435d-a1a8-c365b92e185b,386,86ee9c344e85bc78,momentum_acceleration_surge,momentum,close;ema_26;macd_hist;return_1h;return_24h;rsi_14,ok,ok,-0.738300,-0.073457,0.292375,46,0.456522,4,3.267,
355a8f9f-2a1f-435d-a1a8-c365b92e185b,387,8960224bc556f4df,bb_touch_mean_revert,mean_reversion,bb_upper_24_2;close;realized_vol_24h;return_168h;return_1h;return_24h;rsi_14;sma_24,ok,ok,0.000000,0.000000,0.000000,0,0.000000,4,3.292,
355a8f9f-2a1f-435d-a1a8-c365b92e185b,388,e8fc9f627e4becf5,vol_spike_reversal_fade,volatility_regime,close;realized_vol_24h;return_24h;rsi_14;sma_24;sma_50;zscore_48,ok,ok,0.000000,0.000000,0.000000,0,0.000000,4,3.245,
355a8f9f-2a1f-435d-a1a8-c365b92e185b,389,a01fc962abd2dd7b,volume_divergence_momentum_fade,volume_divergence,close;ema_12;ema_26;macd_hist;return_24h;rsi_14;volume_zscore_24h,ok,ok,-0.319888,-0.003511,0.349289,101,0.534653,4,3.259,
355a8f9f-2a1f-435d-a1a8-c365b92e185b,390,5d7757466d236a25,monday_oversold_reversal,calendar_effect,close;day_of_week;hour_of_day;return_24h;rsi_14;sma_50,ok,ok,0.381734,0.007282,0.191401,16,0.562500,4,3.250,
355a8f9f-2a1f-435d-a1a8-c365b92e185b,391,971fe6c62e8c2ea7,macd_cross_momentum_chase,momentum,close;ema_12;ema_26;macd_hist;return_24h;rsi_14,ok,ok,-0.682554,-0.057144,0.339794,64,0.375000,4,3.256,
355a8f9f-2a1f-435d-a1a8-c365b92e185b,392,88803c1c7fc2618e,bb_stretch_mean_reversion,mean_reversion,bb_upper_24_2;close;return_24h;rsi_14;sma_24;zscore_48,ok,ok,0.000000,0.000000,0.000000,0,0.000000,4,3.282,
355a8f9f-2a1f-435d-a1a8-c365b92e185b,393,5f2d78c6041ecf1c,vol_regime_shift_breakout,volatility_regime,close;realized_vol_24h;return_24h;rsi_14;sma_20;volume_zscore_24h,ok,ok,-0.634029,-0.030400,0.163629,3,0.333333,4,3.250,
355a8f9f-2a1f-435d-a1a8-c365b92e185b,394,50448e4a34d68c2a,volume_divergence_reversal,volume_divergence,close;return_1h;return_24h;rsi_14;sma_50;volume_zscore_24h,ok,ok,0.933232,0.013078,0.015329,3,1.000000,4,3.242,
355a8f9f-2a1f-435d-a1a8-c365b92e185b,395,96f8f84b7199f354,weekend_vol_compression_entry,calendar_effect,close;day_of_week;hour_of_day;realized_vol_24h;return_24h;rsi_14;sma_50,ok,ok,-0.802860,-0.066211,0.202404,109,0.440367,4,3.264,
a12c2a65-4314-4dde-be6e-968a0c70ee6e,396,a4cf9200924912c9,momentum_rsi_breakout,momentum,rsi_14,ok,ok,0.750608,0.102094,0.544114,150,0.640000,4,3.103,
a12c2a65-4314-4dde-be6e-968a0c70ee6e,397,a52042bd8470a78f,bb_mean_reversion_long,mean_reversion,bb_upper_24_2;close;rsi_14;sma_24,ok,ok,0.000000,0.000000,0.000000,0,0.000000,4,3.064,
a12c2a65-4314-4dde-be6e-968a0c70ee6e,398,f170d635369574a8,vol_expansion_breakout,volatility_regime,atr_14;close;realized_vol_24h;sma_20;sma_50;zscore_48,ok,ok,0.116971,0.004068,0.044204,21,0.523810,4,3.093,
a12c2a65-4314-4dde-be6e-968a0c70ee6e,399,c032ee7dae99d431,volume_divergence_reversal,volume_divergence,macd_hist;volume_zscore_24h,ok,ok,0.482979,0.217613,0.304915,22,0.409091,4,3.099,
a12c2a65-4314-4dde-be6e-968a0c70ee6e,400,70aca4634a3e230b,monday_morning_dip_long,calendar_effect,day_of_week;hour_of_day;rsi_14,ok,ok,-0.014658,-0.010359,0.191401,16,0.500000,4,3.066,
a12c2a65-4314-4dde-be6e-968a0c70ee6e,401,3157f5042f0079ab,dual_momentum_confirm,momentum,macd_hist;return_1h;return_24h;rsi_14,ok,ok,1.087015,0.086595,0.162171,136,0.375000,4,3.150,
a12c2a65-4314-4dde-be6e-968a0c70ee6e,402,9b35917b7b310cf1,bb_oversold_reversion,mean_reversion,bb_upper_24_2;close;rsi_14;sma_24;zscore_48,ok,ok,-0.268448,-0.046119,0.234420,95,0.621053,4,3.121,
a12c2a65-4314-4dde-be6e-968a0c70ee6e,403,99d327efb0d3c59c,vol_breakout_regime_shift,volatility_regime,close;realized_vol_24h;return_24h;sma_20;volume_zscore_24h,ok,ok,0.000000,0.000000,0.000000,0,0.000000,4,3.117,
a12c2a65-4314-4dde-be6e-968a0c70ee6e,404,e932131dde839f7b,volume_divergence_breakout,volume_divergence,close;macd_hist;return_24h;sma_50;volume_zscore_24h,ok,ok,0.429639,0.007980,0.123628,25,0.280000,4,3.128,
a12c2a65-4314-4dde-be6e-968a0c70ee6e,405,d04e1b054fe4d69d,monday_mean_reversion,calendar_effect,day_of_week;return_168h;return_24h;rsi_14;zscore_48,ok,ok,0.072086,-0.015455,0.175112,17,0.529412,4,3.128,
a12c2a65-4314-4dde-be6e-968a0c70ee6e,406,e2eece6b82986f28,macd_momentum_continuation,momentum,close;ema_12;macd_hist;return_168h;return_24h;rsi_14,ok,ok,1.388898,0.101660,0.105365,107,0.401869,4,3.190,
a12c2a65-4314-4dde-be6e-968a0c70ee6e,407,154deabfdf8286ba,zscore_oversold_reversion,mean_reversion,return_24h;rsi_14;zscore_48,ok,ok,0.931031,0.100001,0.219894,79,0.696203,4,3.138,
a12c2a65-4314-4dde-be6e-968a0c70ee6e,408,2c23ddecdac7f4d2,volatility_breakout_regime,volatility_regime,bb_upper_24_2;close;realized_vol_24h;return_24h;rsi_14;sma_20;volume_zscore_24h,ok,ok,0.000000,0.000000,0.000000,0,0.000000,4,3.156,
a12c2a65-4314-4dde-be6e-968a0c70ee6e,409,7041a82a3862910a,volume_divergence_fade,volume_divergence,close;macd_hist;return_24h;rsi_14;sma_20;volume_zscore_24h,ok,ok,-1.228011,-0.129179,0.365093,74,0.310811,4,3.177,
a12c2a65-4314-4dde-be6e-968a0c70ee6e,410,1d4b80b8e9e3bc65,monday_dip_buy,calendar_effect,close;day_of_week;return_24h;rsi_14;sma_20,ok,ok,-0.184308,-0.051011,0.328132,30,0.533333,4,3.159,
a12c2a65-4314-4dde-be6e-968a0c70ee6e,411,af686bee06534d03,macd_momentum_surge,momentum,close;ema_26;macd_hist;return_24h;rsi_14,ok,ok,-1.157691,-0.092816,0.385526,85,0.282353,4,3.199,
a12c2a65-4314-4dde-be6e-968a0c70ee6e,412,b52f2d81974c49f2,bb_mean_revert_fade,mean_reversion,bb_upper_24_2;close;return_24h;rsi_14;sma_24;zscore_48,ok,ok,1.710557,0.197646,0.277047,95,0.673684,4,3.195,
a12c2a65-4314-4dde-be6e-968a0c70ee6e,413,2f6af882ba1e281d,high_vol_breakout_fade,volatility_regime,bb_upper_24_2;close;realized_vol_24h;return_24h;rsi_14;sma_24;volume_zscore_24h,ok,ok,0.000000,0.000000,0.000000,0,0.000000,4,3.171,
a12c2a65-4314-4dde-be6e-968a0c70ee6e,414,125d0b52fd8ecd69,volume_divergence_breakout,volume_divergence,close;ema_26;return_24h;rsi_14;sma_50;volume_zscore_24h,ok,ok,-1.913294,-0.121795,0.418168,44,0.295455,4,3.169,
a12c2a65-4314-4dde-be6e-968a0c70ee6e,415,0ff7983a5c1166b7,monday_dip_buy,calendar_effect,close;day_of_week;hour_of_day;return_24h;sma_20,ok,ok,-1.394153,-0.083887,0.215848,66,0.409091,4,3.170,
a12c2a65-4314-4dde-be6e-968a0c70ee6e,416,1ca0498d0dde59a1,momentum_continuation_ema_cross,momentum,ema_12;ema_26;return_24h;rsi_14;volume_zscore_24h,ok,ok,-0.905712,0.008326,0.128933,19,0.368421,4,3.207,
a12c2a65-4314-4dde-be6e-968a0c70ee6e,417,bf801111b590ddd1,bollinger_mean_reversion_oversold,mean_reversion,bb_upper_24_2;close;realized_vol_24h;return_24h;rsi_14;sma_24;zscore_48,ok,ok,-0.367017,-0.045609,0.288667,394,0.456853,4,3.240,
a12c2a65-4314-4dde-be6e-968a0c70ee6e,418,34a168a337186bb2,low_vol_breakout_expansion,volatility_regime,close;realized_vol_24h;return_24h;sma_50;volume_zscore_24h,ok,ok,0.357830,0.021850,0.260797,36,0.333333,4,3.192,
a12c2a65-4314-4dde-be6e-968a0c70ee6e,419,5a329fcbb0c9115b,volume_divergence_breakout,volume_divergence,close;return_24h;rsi_14;sma_20;volume_zscore_24h,ok,ok,-0.574794,0.024390,0.231783,36,0.361111,4,3.175,
a12c2a65-4314-4dde-be6e-968a0c70ee6e,420,9102bd41c0c5f155,monday_dip_reversal,calendar_effect,close;day_of_week;hour_of_day;return_24h;rsi_14;sma_20,ok,ok,-0.572418,-0.024192,0.180478,87,0.436782,4,3.197,
a12c2a65-4314-4dde-be6e-968a0c70ee6e,421,974bbbead59bcd87,macd_hist_momentum_surge,momentum,close;ema_26;macd_hist;return_24h,ok,ok,-0.458104,-0.042533,0.335098,65,0.338462,4,3.223,
a12c2a65-4314-4dde-be6e-968a0c70ee6e,422,cd07bfa92b81a560,bb_reversion_oversold_bounce,mean_reversion,bb_upper_24_2;close;return_24h;rsi_14;sma_24,ok,ok,0.000000,0.000000,0.000000,0,0.000000,4,3.173,
a12c2a65-4314-4dde-be6e-968a0c70ee6e,423,4d6e8030fa2d7ea7,low_vol_breakout_momentum,volatility_regime,close;realized_vol_24h;return_24h;sma_20;volume_zscore_24h,ok,ok,-0.898225,-0.083012,0.476830,54,0.259259,4,3.193,
a12c2a65-4314-4dde-be6e-968a0c70ee6e,424,947970137eff125d,volume_divergence_reversal,volume_divergence,return_1h;return_24h;rsi_14;volume_zscore_24h,ok,ok,-0.266903,-0.057359,0.268660,93,0.419355,4,3.178,
a12c2a65-4314-4dde-be6e-968a0c70ee6e,425,5c971b953ad42a22,monday_mean_reversion,calendar_effect,day_of_week;return_24h;rsi_14,ok,ok,0.009141,-0.016118,0.186579,87,0.471264,4,3.176,
a12c2a65-4314-4dde-be6e-968a0c70ee6e,426,4828f17e793437bb,macd_momentum_surge,momentum,macd_hist;return_24h;volume_zscore_24h,ok,ok,-1.098149,-0.118547,0.324455,45,0.333333,4,3.170,
a12c2a65-4314-4dde-be6e-968a0c70ee6e,427,246957b860cd1fe4,bollinger_oversold_reversion,mean_reversion,bb_upper_24_2;close;realized_vol_24h;return_24h;rsi_14;sma_24;zscore_48,ok,ok,-0.576547,-0.001610,0.006441,1,0.000000,4,3.218,
a12c2a65-4314-4dde-be6e-968a0c70ee6e,428,3f20c242656ddfba,volatility_contraction_breakout,volatility_regime,close;realized_vol_24h;return_24h;sma_20;zscore_48,ok,ok,-0.789915,-0.085369,0.604156,84,0.297619,4,3.210,
a12c2a65-4314-4dde-be6e-968a0c70ee6e,429,2d4e7f1632de1984,volume_divergence_momentum_fade,volume_divergence,close;return_24h;rsi_14;sma_20;volume_zscore_24h,ok,ok,-2.796774,-0.218975,0.441072,284,0.429577,4,3.228,
a12c2a65-4314-4dde-be6e-968a0c70ee6e,430,af4b20b986e8d483,monday_dip_buying_opportunity,calendar_effect,close;day_of_week;hour_of_day;return_24h;rsi_14;sma_20,ok,ok,-0.727083,-0.040939,0.286812,106,0.396226,4,3.203,
a12c2a65-4314-4dde-be6e-968a0c70ee6e,431,18bf20715f8739e2,macd_histogram_reversal_momentum,momentum,close;macd_hist;return_24h;rsi_14;sma_20,ok,ok,0.436900,0.151052,0.397996,93,0.365591,4,3.207,
a12c2a65-4314-4dde-be6e-968a0c70ee6e,432,a1552ea99832bb8a,bollinger_mean_reversion_oversold,mean_reversion,bb_upper_24_2;close;return_24h;rsi_14;sma_24;zscore_48,ok,ok,0.000000,0.000000,0.000000,0,0.000000,4,3.230,
a12c2a65-4314-4dde-be6e-968a0c70ee6e,433,a545bf3edfee3eb0,low_volatility_breakout_regime,volatility_regime,close;realized_vol_24h;return_24h;sma_50;volume_zscore_24h,ok,ok,-0.718565,-0.087795,0.300184,56,0.250000,4,3.201,
a12c2a65-4314-4dde-be6e-968a0c70ee6e,434,fdfcabdc7f07e6ca,volume_divergence_momentum_acceleration,volume_divergence,close;ema_12;macd_hist;return_24h;volume_zscore_24h,ok,ok,-1.960861,-0.094721,0.195843,30,0.333333,4,3.192,
a12c2a65-4314-4dde-be6e-968a0c70ee6e,435,f9d284761deac685,monday_reversion_oversold_rsi,calendar_effect,close;day_of_week;return_24h;rsi_14;sma_20,ok,ok,0.235497,0.031209,0.197960,87,0.448276,4,3.218,
a12c2a65-4314-4dde-be6e-968a0c70ee6e,436,fb65a23defaf1234,momentum_exhaustion_rsi_divergence,momentum,bb_upper_24_2;close;macd_hist;return_24h;rsi_14,ok,ok,-1.491376,-0.069902,0.170172,21,0.285714,4,3.830,
a12c2a65-4314-4dde-be6e-968a0c70ee6e,437,d1a161a809836589,bollinger_mean_reversion_oversold,mean_reversion,bb_upper_24_2;close;macd_hist;return_24h;rsi_14;sma_24;zscore_48,ok,ok,0.172889,0.040205,0.297589,224,0.531250,4,3.605,
a12c2a65-4314-4dde-be6e-968a0c70ee6e,438,213848787b4f94e4,volatility_expansion_breakout,volatility_regime,close;ema_12;macd_hist;realized_vol_24h;return_24h;rsi_14;volume_zscore_24h,ok,ok,0.000000,0.000000,0.000000,0,0.000000,4,3.490,
a12c2a65-4314-4dde-be6e-968a0c70ee6e,439,68dedf215356997d,volume_divergence_breakout_surge,volume_divergence,close;return_24h;rsi_14;sma_20;sma_50;volume_zscore_24h,ok,ok,-1.089273,-0.050987,0.253727,24,0.416667,4,3.768,
a12c2a65-4314-4dde-be6e-968a0c70ee6e,440,80460b43e99afbf7,monday_morning_reversal_capture,calendar_effect,day_of_week;hour_of_day;return_1h;return_24h;rsi_14,ok,ok,-0.726491,-0.013789,0.061743,13,0.384615,4,3.447,
a12c2a65-4314-4dde-be6e-968a0c70ee6e,441,c8eeda07e0cb5081,momentum_continuation_pullback_entry,momentum,close;ema_26;macd_hist;realized_vol_24h;return_168h;return_24h;rsi_14,ok,ok,0.038778,0.102943,0.199915,96,0.312500,4,3.583,
a12c2a65-4314-4dde-be6e-968a0c70ee6e,442,71f2326a3ca0da5c,bollinger_mean_reversion_oversold,mean_reversion,bb_upper_24_2;close;return_24h;rsi_14;zscore_48,ok,ok,-0.068609,-0.008175,0.240069,209,0.497608,4,3.813,
a12c2a65-4314-4dde-be6e-968a0c70ee6e,443,9a8a45bfbac7d11c,volatility_expansion_breakout,volatility_regime,close;macd_hist;realized_vol_24h;return_24h;rsi_14;sma_50,ok,ok,-0.248846,-0.016049,0.093029,1,0.000000,4,3.358,
a12c2a65-4314-4dde-be6e-968a0c70ee6e,444,30af6c3ed31bedd7,volume_divergence_reversal,volume_divergence,close;return_24h;rsi_14;sma_20;volume_zscore_24h,ok,ok,-0.031286,-0.012269,0.190593,148,0.459459,4,3.682,
a12c2a65-4314-4dde-be6e-968a0c70ee6e,445,ba1d69b42fa93d30,weekend_volatility_compression_long,calendar_effect,close;day_of_week;realized_vol_24h;return_24h;rsi_14;sma_20,ok,ok,0.424102,0.023644,0.347871,52,0.519231,4,3.252,
a12c2a65-4314-4dde-be6e-968a0c70ee6e,446,d2bc434a98cacb88,momentum_continuation_pullback,momentum,close;ema_12;ema_26;macd_hist;return_168h;return_24h;rsi_14,ok,ok,0.582724,0.017268,0.029925,3,0.666667,4,3.234,
a12c2a65-4314-4dde-be6e-968a0c70ee6e,447,63d8aa386be13db4,bb_reversal_oversold_vol_spike,mean_reversion,bb_upper_24_2;close;return_24h;rsi_14;sma_24;volume_zscore_24h;zscore_48,ok,ok,0.296902,0.013735,0.237785,119,0.563025,4,3.299,
a12c2a65-4314-4dde-be6e-968a0c70ee6e,448,b9cca7941b7cb456,low_vol_breakout_above_bb,volatility_regime,atr_14;bb_upper_24_2;close;realized_vol_24h;return_24h;rsi_14;sma_24;volume_zscore_24h,ok,ok,-2.037983,-0.137938,0.277982,127,0.488189,4,3.267,
a12c2a65-4314-4dde-be6e-968a0c70ee6e,449,fb9a4a59d8830014,volume_divergence_momentum_fade,volume_divergence,close;ema_26;return_1h;return_24h;rsi_14;sma_24;volume_zscore_24h,ok,ok,0.120507,0.012260,0.243901,101,0.396040,4,3.264,
a12c2a65-4314-4dde-be6e-968a0c70ee6e,450,3a2559fbeff71f94,monday_morning_dip_buy,calendar_effect,close;day_of_week;ema_12;hour_of_day;return_24h;rsi_14;sma_20,ok,ok,-0.165339,-0.004851,0.130035,31,0.451613,4,3.232,
a12c2a65-4314-4dde-be6e-968a0c70ee6e,451,39f577e57ac610ad,macd_momentum_surge_continuation,momentum,close;macd_hist;return_24h;rsi_14;sma_50,ok,ok,-1.288077,-0.137539,0.438080,95,0.431579,4,3.234,
a12c2a65-4314-4dde-be6e-968a0c70ee6e,452,01b0cc32de999a9f,bollinger_mean_reversion_oversold,mean_reversion,bb_upper_24_2;close;realized_vol_24h;return_24h;rsi_14;sma_24;zscore_48,ok,ok,1.574262,0.173595,0.115941,14,0.857143,4,3.277,
a12c2a65-4314-4dde-be6e-968a0c70ee6e,453,af3979fa3b568bcd,low_vol_breakout_anticipation,volatility_regime,close;ema_12;ema_26;realized_vol_24h;rsi_14;sma_20,ok,ok,-0.212849,-0.018700,0.258107,263,0.288973,4,3.281,
a12c2a65-4314-4dde-be6e-968a0c70ee6e,454,052e785a391d686a,volume_surge_momentum_divergence,volume_divergence,return_1h;return_24h;rsi_14;volume_zscore_24h,ok,ok,-1.564435,-0.034743,0.140556,27,0.444444,4,3.218,
a12c2a65-4314-4dde-be6e-968a0c70ee6e,455,d52d7ba18d53a5a2,weekend_momentum_continuation,calendar_effect,day_of_week;hour_of_day;macd_hist;return_24h;rsi_14,ok,ok,-0.362779,-0.039202,0.389920,63,0.412698,4,3.230,
a12c2a65-4314-4dde-be6e-968a0c70ee6e,456,a88f4d3eab82036e,macd_histogram_acceleration_momentum,momentum,close;macd_hist;return_24h;rsi_14;sma_50,ok,ok,-1.486953,-0.151129,0.356664,84,0.428571,4,3.241,
a12c2a65-4314-4dde-be6e-968a0c70ee6e,457,653ad5b62dacbd75,bollinger_oversold_reversion_momentum_filter,mean_reversion,bb_upper_24_2;close;return_1h;return_24h;rsi_14;zscore_48,ok,ok,0.000000,0.000000,0.000000,0,0.000000,4,3.248,
a12c2a65-4314-4dde-be6e-968a0c70ee6e,458,397cec2d2031c2fd,volatility_regime_shift_expansion_entry,volatility_regime,atr_14;macd_hist;realized_vol_24h;return_24h;rsi_14;zscore_48,ok,ok,0.000000,0.000000,0.000000,0,0.000000,4,3.234,
a12c2a65-4314-4dde-be6e-968a0c70ee6e,459,06573dd07c94d00b,volume_surge_momentum_divergence_entry,volume_divergence,close;macd_hist;return_24h;rsi_14;sma_20;volume_zscore_24h,ok,ok,-2.351964,-0.049705,0.128623,9,0.333333,4,3.218,
a12c2a65-4314-4dde-be6e-968a0c70ee6e,460,ff8750ddf7141491,weekend_effect_volatility_compression_entry,calendar_effect,atr_14;day_of_week;realized_vol_24h;return_168h;return_24h;rsi_14,ok,ok,0.947399,0.117849,0.144263,38,0.552632,4,3.240,
a12c2a65-4314-4dde-be6e-968a0c70ee6e,461,99d5af2e5e21522b,ema_crossover_momentum_acceleration,momentum,ema_12;ema_26;macd_hist;return_24h;rsi_14,ok,ok,-0.006600,0.004978,0.253772,46,0.347826,4,3.262,
a12c2a65-4314-4dde-be6e-968a0c70ee6e,462,7ef234c4bffc37f8,bollinger_oversold_mean_reversion_rsi_confirm,mean_reversion,bb_upper_24_2;close;macd_hist;return_168h;return_24h;rsi_14;sma_24;zscore_48,ok,ok,-1.542362,-0.074411,0.207454,93,0.419355,4,3.262,
a12c2a65-4314-4dde-be6e-968a0c70ee6e,463,b444e92076435dfe,volatility_regime_shift_momentum_entry,volatility_regime,atr_14;macd_hist;realized_vol_24h;return_24h;rsi_14,ok,ok,0.000000,0.000000,0.000000,0,0.000000,4,3.241,
a12c2a65-4314-4dde-be6e-968a0c70ee6e,464,4a9d7dd026e334f1,volume_surge_price_momentum_divergence,volume_divergence,macd_hist;return_24h;rsi_14;volume_zscore_24h,ok,ok,-1.930674,-0.037778,0.160466,17,0.176471,4,3.210,
a12c2a65-4314-4dde-be6e-968a0c70ee6e,465,83103b0530b7b22d,monday_dip_buying_momentum_confirmation,calendar_effect,close;day_of_week;macd_hist;return_168h;return_24h;rsi_14;sma_50,ok,ok,0.600139,-0.000377,0.076027,9,0.666667,4,3.236,
a12c2a65-4314-4dde-be6e-968a0c70ee6e,466,57b7dfa18877ef88,ema_crossover_momentum_acceleration,momentum,ema_12;ema_26;macd_hist;return_1h;return_24h;rsi_14,ok,ok,-0.612589,-0.063568,0.255041,59,0.355932,4,3.229,
a12c2a65-4314-4dde-be6e-968a0c70ee6e,467,3ab0691c026bf5ef,bollinger_mean_reversion_oversold,mean_reversion,bb_upper_24_2;close;return_1h;return_24h;rsi_14;sma_24;zscore_48,ok,ok,1.111865,0.084559,0.239942,115,0.678261,4,3.256,
a12c2a65-4314-4dde-be6e-968a0c70ee6e,468,87e58e5b6ab4bc73,low_vol_breakout_above_resistance,volatility_regime,close;macd_hist;realized_vol_24h;return_1h;rsi_14;sma_50,ok,ok,-0.038141,-0.037188,0.498240,75,0.373333,4,3.276,
a12c2a65-4314-4dde-be6e-968a0c70ee6e,469,468afb63e4293d59,volume_surge_momentum_continuation,volume_divergence,macd_hist;return_1h;return_24h;rsi_14;volume_zscore_24h,ok,ok,-0.207511,-0.005695,0.337536,43,0.441860,4,3.226,
a12c2a65-4314-4dde-be6e-968a0c70ee6e,470,0db801097b00e710,monday_morning_reversal_entry,calendar_effect,day_of_week;hour_of_day;return_1h;return_24h;rsi_14,ok,ok,0.130201,-0.021278,0.239721,20,0.600000,4,3.227,
a12c2a65-4314-4dde-be6e-968a0c70ee6e,471,a42d30bd66e16494,macd_histogram_reversal_from_oversold,momentum,macd_hist;return_1h;return_24h;rsi_14,ok,ok,-0.050811,-0.011425,0.176019,19,0.421053,4,3.196,
a12c2a65-4314-4dde-be6e-968a0c70ee6e,472,210088a1609001b8,bollinger_lower_bounce_mean_reversion,mean_reversion,bb_upper_24_2;close;return_1h;return_24h;rsi_14;zscore_48,ok,ok,0.061434,-0.038979,0.330110,95,0.600000,4,3.230,
a12c2a65-4314-4dde-be6e-968a0c70ee6e,473,1cc5fba2949c5dee,low_vol_regime_breakout_entry,volatility_regime,close;realized_vol_24h;return_1h;return_24h;rsi_14;sma_20,ok,ok,0.303311,0.111786,0.422725,65,0.384615,4,3.269,
a12c2a65-4314-4dde-be6e-968a0c70ee6e,474,a454977d7831a77a,volume_spike_momentum_continuation,volume_divergence,close;return_1h;return_24h;rsi_14;sma_20;volume_zscore_24h,ok,ok,-0.021353,0.000057,0.225327,99,0.383838,4,3.249,
a12c2a65-4314-4dde-be6e-968a0c70ee6e,475,888a02cb724cdae5,tuesday_thursday_momentum_entry,calendar_effect,close;day_of_week;return_1h;return_24h;sma_20,ok,ok,0.388475,0.044279,0.301960,77,0.415584,4,3.236,
a12c2a65-4314-4dde-be6e-968a0c70ee6e,476,97e2681acb401fce,macd_hist_reversal_with_rsi_momentum,momentum,macd_hist;return_1h;return_24h;rsi_14,ok,ok,-0.315591,-0.037595,0.359283,61,0.327869,4,3.241,
a12c2a65-4314-4dde-be6e-968a0c70ee6e,477,8bf24dd015f2c61e,bb_mean_reversion_oversold_bounce,mean_reversion,bb_upper_24_2;close;return_1h;rsi_14;sma_24;zscore_48,ok,ok,0.442915,0.020046,0.277650,115,0.652174,4,3.254,
a12c2a65-4314-4dde-be6e-968a0c70ee6e,478,97af5f9abb05c7db,vol_regime_shift_low_to_high,volatility_regime,close;ema_12;ema_26;macd_hist;realized_vol_24h;return_1h;return_24h;volume_zscore_24h,ok,ok,-0.433823,-0.013318,0.102351,1,0.000000,4,3.291,
a12c2a65-4314-4dde-be6e-968a0c70ee6e,479,b3bca03ee7865e82,volume_divergence_price_momentum_surge,volume_divergence,close;ema_12;ema_26;macd_hist;return_1h;return_24h;rsi_14;volume_zscore_24h,ok,ok,-0.369428,-0.038900,0.257480,121,0.355372,4,3.260,
a12c2a65-4314-4dde-be6e-968a0c70ee6e,480,5d502df89fa8bff6,monday_morning_asian_session_entry,calendar_effect,close;day_of_week;ema_12;ema_26;hour_of_day;return_1h;return_24h;rsi_14,ok,ok,-0.936855,-0.063350,0.181604,49,0.489796,4,3.253,
a12c2a65-4314-4dde-be6e-968a0c70ee6e,481,87b47bb60cdfec8b,macd_hist_acceleration_momentum_flip,momentum,close;ema_26;macd_hist;return_1h;return_24h;rsi_14;sma_20,ok,ok,-0.421796,-0.028524,0.219281,82,0.292683,4,3.247,
a12c2a65-4314-4dde-be6e-968a0c70ee6e,482,7651e7b39b51b0a6,zscore_bollinger_mean_reversion_oversold,mean_reversion,close;return_1h;return_24h;rsi_14;sma_24;zscore_48,ok,ok,0.467843,0.005036,0.355337,84,0.630952,4,3.243,
a12c2a65-4314-4dde-be6e-968a0c70ee6e,483,25c57179393c7602,high_vol_regime_breakout_continuation,volatility_regime,close;macd_hist;realized_vol_24h;return_1h;rsi_14;sma_20;sma_50,ok,ok,-0.225191,-0.007008,0.057707,1,0.000000,4,3.271,
a12c2a65-4314-4dde-be6e-968a0c70ee6e,484,6a2c030d62c90b4f,volume_surge_breakout_divergence_continuation,volume_divergence,close;macd_hist;return_1h;rsi_14;sma_20;sma_50;volume_zscore_24h,ok,ok,-0.676583,-0.008186,0.047395,4,0.250000,4,3.231,
a12c2a65-4314-4dde-be6e-968a0c70ee6e,485,09208692b1b5252f,monday_morning_dip_reversion,calendar_effect,day_of_week;hour_of_day;return_1h;return_24h;rsi_14,ok,ok,-0.762758,-0.041456,0.156002,16,0.375000,4,3.240,
a12c2a65-4314-4dde-be6e-968a0c70ee6e,486,dc6ad0d83f0bd1a2,momentum_acceleration_ema_crossover,momentum,ema_12;ema_26;macd_hist;rsi_14,ok,ok,0.113352,0.013710,0.164514,108,0.361111,4,3.222,
a12c2a65-4314-4dde-be6e-968a0c70ee6e,487,cad44355d1c9fe28,bollinger_compression_reversion_extreme,mean_reversion,bb_upper_24_2;close;realized_vol_24h;rsi_14;sma_24;zscore_48,ok,ok,0.646011,0.056226,0.204623,95,0.673684,4,3.232,
a12c2a65-4314-4dde-be6e-968a0c70ee6e,488,3fb030558db9dfc3,volatility_regime_shift_breakout,volatility_regime,close;realized_vol_24h;rsi_14;sma_50,ok,ok,0.000000,0.000000,0.000000,0,0.000000,4,3.206,
a12c2a65-4314-4dde-be6e-968a0c70ee6e,489,aa8c55c16db41ea7,volume_surge_momentum_confirmation,volume_divergence,return_24h;rsi_14;volume_zscore_24h,ok,ok,0.262384,0.021253,0.200596,95,0.378947,4,3.252,
a12c2a65-4314-4dde-be6e-968a0c70ee6e,490,4ec57c0265ce42d1,weekday_afternoon_momentum_capture,calendar_effect,day_of_week;hour_of_day;macd_hist;return_1h;return_24h;rsi_14,ok,ok,-0.545383,-0.072037,0.467192,315,0.298413,4,3.280,
a12c2a65-4314-4dde-be6e-968a0c70ee6e,491,0aa3954edda841d2,ema_crossover_macd_momentum_confirmation,momentum,ema_12;ema_26;macd_hist;return_24h;rsi_14,ok,ok,0.447804,0.026736,0.320469,108,0.388889,4,3.245,
a12c2a65-4314-4dde-be6e-968a0c70ee6e,492,075c87cdbf45b9cc,oversold_bb_reversion_volatility_filter,mean_reversion,bb_upper_24_2;close;realized_vol_24h;return_24h;rsi_14;zscore_48,ok,ok,0.987513,0.072674,0.094292,4,1.000000,4,3.219,
a12c2a65-4314-4dde-be6e-968a0c70ee6e,493,bcf510636bad728f,low_vol_consolidation_breakout_regime,volatility_regime,close;macd_hist;realized_vol_24h;return_24h;rsi_14;sma_50,ok,ok,-0.042208,-0.047727,0.466184,77,0.376623,4,3.289,
a12c2a65-4314-4dde-be6e-968a0c70ee6e,494,b6ff828c3322433c,volume_surge_momentum_breakout,volume_divergence,close;macd_hist;rsi_14;sma_20;volume_zscore_24h,ok,ok,-0.010796,-0.019152,0.255067,110,0.409091,4,3.256,
a12c2a65-4314-4dde-be6e-968a0c70ee6e,495,6a414a3fa15b5b0f,monday_dip_buy_mean_reversion,calendar_effect,close;day_of_week;return_24h;rsi_14;sma_20;zscore_48,ok,ok,-0.572867,-0.054290,0.194175,29,0.413793,4,3.233,
a12c2a65-4314-4dde-be6e-968a0c70ee6e,496,745b028a453ca73e,momentum_acceleration_mid_strength,momentum,close;ema_26;macd_hist;return_24h;rsi_14,ok,ok,0.199302,0.004573,0.550420,127,0.480315,4,3.245,
a12c2a65-4314-4dde-be6e-968a0c70ee6e,497,4e7cd9e1542cb7c9,bb_lower_mean_reversion_volatility,mean_reversion,bb_upper_24_2;close;realized_vol_24h;return_24h;rsi_14;sma_24;zscore_48,ok,ok,0.000000,0.000000,0.000000,0,0.000000,4,3.239,
a12c2a65-4314-4dde-be6e-968a0c70ee6e,498,6b65b8acf802e4db,volatility_compression_breakout_entry,volatility_regime,atr_14;close;realized_vol_24h;return_24h;rsi_14;sma_50;volume_zscore_24h,ok,ok,0.065667,-0.020324,0.358670,66,0.348485,4,3.248,
a12c2a65-4314-4dde-be6e-968a0c70ee6e,499,18a3403bbc788ed7,volume_divergence_momentum_fade,volume_divergence,close;macd_hist;return_1h;return_24h;rsi_14;sma_20;volume_zscore_24h,ok,ok,-0.841482,-0.059372,0.185357,111,0.387387,4,3.298,
a12c2a65-4314-4dde-be6e-968a0c70ee6e,500,8d47af1a91d969b3,monday_dip_buy_vol_confirmation,calendar_effect,close;day_of_week;return_1h;return_24h;rsi_14;sma_20;volume_zscore_24h,ok,ok,-0.146454,-0.027583,0.200499,24,0.541667,4,3.236,
a12c2a65-4314-4dde-be6e-968a0c70ee6e,501,e22b963d4a925aca,macd_momentum_surge_breakout,momentum,close;ema_12;macd_hist;return_24h;rsi_14,ok,ok,-1.880219,-0.198517,0.449958,115,0.452174,4,3.249,
a12c2a65-4314-4dde-be6e-968a0c70ee6e,502,a438873dc956c9ea,bollinger_bounce_oversold_reversion,mean_reversion,bb_upper_24_2;close;macd_hist;realized_vol_24h;return_24h;rsi_14;sma_24;zscore_48,ok,ok,0.232164,0.012334,0.094195,1,1.000000,4,3.235,
a12c2a65-4314-4dde-be6e-968a0c70ee6e,503,f36f0e54f83b93b7,vol_expansion_trend_entry,volatility_regime,close;macd_hist;realized_vol_24h;rsi_14;sma_50,ok,ok,-0.892549,-0.036527,0.129507,2,0.000000,4,3.209,
a12c2a65-4314-4dde-be6e-968a0c70ee6e,504,527f52561761ebde,volume_divergence_momentum_breakout,volume_divergence,macd_hist;return_24h;rsi_14;volume_zscore_24h,ok,ok,-0.654605,-0.084961,0.353164,84,0.523810,4,3.271,
a12c2a65-4314-4dde-be6e-968a0c70ee6e,505,84cf53609a026f58,weekday_momentum_entry,calendar_effect,close;day_of_week;macd_hist;return_24h;rsi_14;sma_20,ok,ok,0.374043,0.144703,0.395799,77,0.415584,4,3.242,
a12c2a65-4314-4dde-be6e-968a0c70ee6e,506,31100e3b59b78d87,rsi_momentum_continuation,momentum,close;ema_26;macd_hist;return_24h;rsi_14,ok,ok,-0.738537,-0.086153,0.355679,180,0.466667,4,3.264,
a12c2a65-4314-4dde-be6e-968a0c70ee6e,507,5ba5507a1fd618b1,bb_oversold_mean_reversion,mean_reversion,bb_upper_24_2;close;return_24h;rsi_14;sma_24;zscore_48,ok,ok,0.000000,0.000000,0.000000,0,0.000000,4,3.226,
a12c2a65-4314-4dde-be6e-968a0c70ee6e,508,18a7ecb497037397,vol_regime_shift_entry,volatility_regime,close;ema_26;macd_hist;realized_vol_24h;return_24h;rsi_14;zscore_48,ok,ok,-0.201047,-0.041793,0.307598,32,0.531250,4,3.240,
a12c2a65-4314-4dde-be6e-968a0c70ee6e,509,a7998d44ca7645ba,volume_surge_momentum_entry,volume_divergence,ema_12;ema_26;macd_hist;return_1h;return_24h;volume_zscore_24h,ok,ok,-1.325953,-0.061700,0.136964,116,0.422414,4,3.293,
a12c2a65-4314-4dde-be6e-968a0c70ee6e,510,b1ec17221bb28fc6,weekday_momentum_fade,calendar_effect,day_of_week;return_24h;rsi_14,ok,ok,0.054994,-0.013913,0.194893,31,0.516129,4,3.195,
a12c2a65-4314-4dde-be6e-968a0c70ee6e,511,5a66e5bebd063125,macd_histogram_acceleration,momentum,close;ema_12;ema_26;macd_hist;return_24h;rsi_14;sma_50,ok,ok,-0.707814,-0.102112,0.346383,81,0.580247,4,3.266,
a12c2a65-4314-4dde-be6e-968a0c70ee6e,512,e84585a2a5e67728,bb_mean_reversion_oversold,mean_reversion,bb_upper_24_2;close;return_24h;rsi_14;sma_24,ok,ok,0.000000,0.000000,0.000000,0,0.000000,4,3.216,
a12c2a65-4314-4dde-be6e-968a0c70ee6e,513,a2435315605fabd0,vol_regime_breakout_rsi_confirm,volatility_regime,realized_vol_24h;return_24h;rsi_14;zscore_48,ok,ok,0.000000,0.000000,0.000000,0,0.000000,4,3.210,
a12c2a65-4314-4dde-be6e-968a0c70ee6e,514,3ebec90d7be309ab,volume_surge_low_momentum_divergence,volume_divergence,close;return_24h;rsi_14;sma_50;volume_zscore_24h,ok,ok,0.147442,-0.015930,0.204958,21,0.714286,4,3.265,
a12c2a65-4314-4dde-be6e-968a0c70ee6e,515,a20c394d46979043,monday_dip_buy_momentum_recovery,calendar_effect,close;day_of_week;hour_of_day;return_1h;return_24h;rsi_14;sma_50,ok,ok,0.512944,0.081698,0.331363,216,0.634259,4,3.294,
a12c2a65-4314-4dde-be6e-968a0c70ee6e,516,2abc599557b592b1,macd_hist_turn_rsi_momentum_flip,momentum,close;ema_26;macd_hist;return_24h;rsi_14,ok,ok,-1.840758,-0.184427,0.418182,125,0.480000,4,3.269,
a12c2a65-4314-4dde-be6e-968a0c70ee6e,517,e3dce08b8ad23734,bollinger_reversion_volatility_calm,mean_reversion,atr_14;bb_upper_24_2;close;realized_vol_24h;return_24h;rsi_14;zscore_48,ok,ok,0.599498,0.054708,0.284577,97,0.690722,4,3.269,
a12c2a65-4314-4dde-be6e-968a0c70ee6e,518,900f54dd9cff8cd8,vol_breakout_regime_shift_entry,volatility_regime,atr_14;close;realized_vol_24h;return_24h;rsi_14;sma_20;volume_zscore_24h,ok,ok,0.000000,0.000000,0.000000,0,0.000000,4,3.264,
a12c2a65-4314-4dde-be6e-968a0c70ee6e,519,babe5b38fa899f9f,volume_divergence_weak_hands_exit,volume_divergence,close;return_24h;rsi_14;sma_50;volume_zscore_24h,ok,ok,0.424007,0.057231,0.321886,102,0.313725,4,3.301,
a12c2a65-4314-4dde-be6e-968a0c70ee6e,520,9b4878ad947a6366,monday_weakness_weekend_gap_fade,calendar_effect,day_of_week;hour_of_day;return_1h;return_24h;rsi_14,ok,ok,-0.948694,-0.083770,0.235923,26,0.423077,4,3.248,
a12c2a65-4314-4dde-be6e-968a0c70ee6e,521,237d6beec139c1f2,macd_hist_momentum_acceleration,momentum,macd_hist;rsi_14;volume_zscore_24h,ok,ok,-0.461821,-0.033049,0.172687,62,0.580645,4,3.219,
a12c2a65-4314-4dde-be6e-968a0c70ee6e,522,d3c9f560ea095cd3,bollinger_overshoot_mean_revert,mean_reversion,bb_upper_24_2;close;return_24h;rsi_14;sma_24;volume_zscore_24h,ok,ok,-1.467386,-0.123418,0.290920,97,0.319588,4,3.273,
a12c2a65-4314-4dde-be6e-968a0c70ee6e,523,054786bad02cb969,vol_regime_compression_breakout,volatility_regime,realized_vol_24h;return_24h;rsi_14;volume_zscore_24h;zscore_48,ok,ok,-0.288085,-0.010571,0.418181,82,0.353659,4,3.261,
a12c2a65-4314-4dde-be6e-968a0c70ee6e,524,c5a354d9e4c47f6b,volume_divergence_momentum_fade,volume_divergence,return_24h;rsi_14;volume_zscore_24h,ok,ok,-1.424456,-0.151207,0.478429,98,0.275510,4,3.271,
a12c2a65-4314-4dde-be6e-968a0c70ee6e,525,211eaaa14bd5d95e,weekday_volatility_compression_long,calendar_effect,day_of_week;realized_vol_24h;return_24h,ok,ok,0.136635,0.015841,0.309617,48,0.520833,4,3.230,
a12c2a65-4314-4dde-be6e-968a0c70ee6e,526,287e0fe8a72eb7f1,macd_hist_momentum_surge_long,momentum,macd_hist;return_24h;rsi_14;volume_zscore_24h,ok,ok,0.666573,0.025487,0.109621,90,0.466667,4,3.231,
a12c2a65-4314-4dde-be6e-968a0c70ee6e,527,bcb453547903be2e,zscore_reversal_from_lower_band,mean_reversion,return_1h;return_24h;rsi_14;zscore_48,ok,ok,-1.940956,-0.119655,0.391912,88,0.454545,4,3.250,
a12c2a65-4314-4dde-be6e-968a0c70ee6e,528,f7894aa1927c0cbd,volatility_contraction_breakout_long,volatility_regime,atr_14;close;return_24h;rsi_14;sma_20,ok,ok,0.000000,0.000000,0.000000,0,0.000000,4,3.235,
a12c2a65-4314-4dde-be6e-968a0c70ee6e,529,9426a942c356c576,volume_divergence_momentum_confirmation,volume_divergence,close;ema_12;macd_hist;return_24h;rsi_14;volume_zscore_24h,ok,ok,-1.099603,-0.049987,0.174218,36,0.388889,4,3.294,
a12c2a65-4314-4dde-be6e-968a0c70ee6e,530,2ea1162a92771928,monday_morning_momentum_entry,calendar_effect,close;day_of_week;ema_26;hour_of_day;return_168h;return_24h;rsi_14,ok,ok,-0.603219,-0.031666,0.128849,55,0.345455,4,3.283,
a12c2a65-4314-4dde-be6e-968a0c70ee6e,531,ab49e570e132ec16,rsi_momentum_continuation_long,momentum,close;ema_26;macd_hist;return_24h;rsi_14,ok,ok,-0.280102,-0.004290,0.217951,107,0.476636,4,3.263,
a12c2a65-4314-4dde-be6e-968a0c70ee6e,532,da5ca0fcd3e2f88f,bollinger_mean_reversion_oversold,mean_reversion,close;return_1h;return_24h;rsi_14;sma_24;zscore_48,ok,ok,-0.711799,-0.095770,0.277666,124,0.588710,4,3.281,
a12c2a65-4314-4dde-be6e-968a0c70ee6e,533,93a598e601f503ff,low_volatility_breakout_entry,volatility_regime,atr_14;close;realized_vol_24h;return_1h;return_24h;sma_50;volume_zscore_24h;zscore_48,ok,ok,0.000000,0.000000,0.000000,0,0.000000,4,3.260,
a12c2a65-4314-4dde-be6e-968a0c70ee6e,534,ff4a6b12d8c7971b,volume_divergence_momentum_fade,volume_divergence,close;return_1h;return_24h;rsi_14;sma_50;volume_zscore_24h,ok,ok,-0.231623,-0.013727,0.252766,187,0.502674,4,3.337,
a12c2a65-4314-4dde-be6e-968a0c70ee6e,535,470bbbcba6139409,weekday_momentum_continuation,calendar_effect,day_of_week;return_24h;rsi_14,ok,ok,-0.040965,0.012648,0.207516,85,0.400000,4,3.258,
a12c2a65-4314-4dde-be6e-968a0c70ee6e,536,85f5376074c0177e,macd_histogram_momentum_surge,momentum,close;macd_hist;return_24h;rsi_14;sma_20,ok,ok,-1.152376,-0.062316,0.173796,153,0.359477,4,3.281,
a12c2a65-4314-4dde-be6e-968a0c70ee6e,537,423d3f22e3234cf1,bollinger_oversold_mean_reversion,mean_reversion,bb_upper_24_2;close;return_24h;rsi_14;sma_24;volume_zscore_24h;zscore_48,ok,ok,-0.680965,-0.078968,0.256236,87,0.586207,4,3.506,
a12c2a65-4314-4dde-be6e-968a0c70ee6e,538,ed47930a5f069bcb,low_vol_breakout_regime,volatility_regime,close;realized_vol_24h;return_24h;rsi_14;sma_50;volume_zscore_24h,ok,ok,-0.281766,-0.019826,0.193067,65,0.230769,4,3.648,
a12c2a65-4314-4dde-be6e-968a0c70ee6e,539,c19a7e5f4e24eded,volume_divergence_momentum_fade,volume_divergence,close;return_1h;return_24h;rsi_14;sma_20;volume_zscore_24h,ok,ok,-0.884139,-0.026589,0.160767,121,0.462810,4,3.908,
a12c2a65-4314-4dde-be6e-968a0c70ee6e,540,60d8016a63465f5b,monday_morning_mean_reversion,calendar_effect,day_of_week;hour_of_day;return_1h;return_24h;rsi_14,ok,ok,-0.416318,-0.028611,0.116130,15,0.600000,4,3.443,
a12c2a65-4314-4dde-be6e-968a0c70ee6e,541,91a6a79f1e0fdd9a,macd_histogram_momentum_continuation,momentum,macd_hist;return_24h;rsi_14;volume_zscore_24h,ok,ok,-0.551956,-0.027112,0.123605,89,0.404494,4,3.753,
a12c2a65-4314-4dde-be6e-968a0c70ee6e,542,794b9358c82f1aff,bb_squeeze_reversion_entry,mean_reversion,bb_upper_24_2;close;return_1h;return_24h;rsi_14;sma_24;volume_zscore_24h,ok,ok,0.656779,0.035031,0.104870,57,0.368421,4,3.887,
a12c2a65-4314-4dde-be6e-968a0c70ee6e,543,16bebcbe5d65cfd3,low_vol_regime_breakout_entry,volatility_regime,close;macd_hist;realized_vol_24h;return_24h;sma_20;volume_zscore_24h,ok,ok,0.000000,0.000000,0.000000,0,0.000000,4,3.481,
a12c2a65-4314-4dde-be6e-968a0c70ee6e,544,6ca9adbd56c6109d,volume_divergence_momentum_fade,volume_divergence,close;return_24h;rsi_14;sma_20;volume_zscore_24h,ok,ok,-1.354428,-0.103688,0.267035,189,0.417989,4,3.772,
a12c2a65-4314-4dde-be6e-968a0c70ee6e,545,ba5e0a753c0de992,monday_morning_vol_spike_entry,calendar_effect,close;day_of_week;ema_12;hour_of_day;realized_vol_24h;return_24h,ok,ok,0.000000,0.000000,0.000000,0,0.000000,4,3.771,
a12c2a65-4314-4dde-be6e-968a0c70ee6e,546,bb1c931fccba68bc,rsi_oversold_bounce_momentum,momentum,close;ema_12;ema_26;return_24h;rsi_14;sma_50,ok,ok,-0.497002,-0.018047,0.130533,58,0.258621,4,3.371,
a12c2a65-4314-4dde-be6e-968a0c70ee6e,547,b66f0037442d7007,bb_breach_vol_contraction_reversion,mean_reversion,bb_upper_24_2;close;realized_vol_24h;return_24h;rsi_14;sma_24,ok,ok,0.000000,0.000000,0.000000,0,0.000000,4,3.246,
a12c2a65-4314-4dde-be6e-968a0c70ee6e,548,449ad9b739d9c1d2,atr_expansion_trend_continuation,volatility_regime,atr_14;close;ema_12;ema_26;return_24h;sma_50,ok,ok,0.000000,0.000000,0.000000,0,0.000000,4,3.270,
a12c2a65-4314-4dde-be6e-968a0c70ee6e,549,2433a38b2f9a7211,volume_surge_breakout_divergence,volume_divergence,close;ema_12;ema_26;macd_hist;return_24h;sma_20;volume_zscore_24h,ok,ok,0.798523,0.033474,0.096327,118,0.449153,4,3.345,
a12c2a65-4314-4dde-be6e-968a0c70ee6e,550,f88786c454e4c820,tuesday_momentum_fade_reversion,calendar_effect,close;day_of_week;ema_12;ema_26;return_24h;rsi_14;sma_50,ok,ok,0.761879,0.009940,0.037119,5,0.400000,4,3.273,
a12c2a65-4314-4dde-be6e-968a0c70ee6e,551,12d02338dafbddf1,momentum_regime_shift_acceleration,momentum,close;ema_12;ema_26;macd_hist;return_24h;rsi_14;sma_20,ok,ok,0.443399,0.014657,0.110525,95,0.378947,4,3.291,
a12c2a65-4314-4dde-be6e-968a0c70ee6e,552,b1d7aa6b5fa02957,oversold_bollinger_mean_reversion,mean_reversion,bb_upper_24_2;close;return_24h;rsi_14;sma_24;sma_50;zscore_48,ok,ok,0.000000,0.000000,0.000000,0,0.000000,4,3.277,
a12c2a65-4314-4dde-be6e-968a0c70ee6e,553,5efa6c6d952a669e,low_vol_breakout_regime_entry,volatility_regime,close;ema_12;ema_26;realized_vol_24h;return_24h;rsi_14;sma_20,ok,ok,-1.803063,-0.080754,0.239852,162,0.216049,4,3.289,
a12c2a65-4314-4dde-be6e-968a0c70ee6e,554,d42e2a23ab8c876f,volume_surge_momentum_continuation,volume_divergence,close;ema_12;macd_hist;return_24h;rsi_14;volume_zscore_24h,ok,ok,-1.593026,-0.037104,0.099434,19,0.210526,4,3.274,
a12c2a65-4314-4dde-be6e-968a0c70ee6e,555,a4d098a3314913d2,monday_oversold_mean_reversion,calendar_effect,close;day_of_week;return_24h;rsi_14;sma_20;zscore_48,ok,ok,-0.871401,-0.060340,0.168390,30,0.500000,4,3.317,
a12c2a65-4314-4dde-be6e-968a0c70ee6e,556,ed6f8f4a686112f5,macd_hist_acceleration_momentum,momentum,close;ema_12;ema_26;macd_hist;return_24h;rsi_14,ok,ok,-1.220984,-0.050113,0.128644,123,0.357724,4,3.293,
a12c2a65-4314-4dde-be6e-968a0c70ee6e,557,cbaf5ce94e938291,bollinger_reversion_oversold_bounce,mean_reversion,bb_upper_24_2;close;return_24h;rsi_14;zscore_48,ok,ok,-0.517483,-0.073766,0.236956,89,0.584270,4,3.267,
a12c2a65-4314-4dde-be6e-968a0c70ee6e,558,d2d4d347d91257a1,vol_regime_shift_realized_expansion,volatility_regime,close;ema_26;realized_vol_24h;return_24h;sma_24;zscore_48,ok,ok,0.000000,0.000000,0.000000,0,0.000000,4,3.243,
a12c2a65-4314-4dde-be6e-968a0c70ee6e,559,268d9fc50586d87d,volume_divergence_price_breakout,volume_divergence,close;ema_12;ema_26;return_24h;rsi_14;sma_50;volume_zscore_24h,ok,ok,-0.869912,0.004193,0.050329,8,0.375000,4,3.266,
a12c2a65-4314-4dde-be6e-968a0c70ee6e,560,08c6d2f4699119b5,monday_momentum_continuation,calendar_effect,close;day_of_week;return_24h;rsi_14;sma_20,ok,ok,-0.804062,-0.039318,0.189802,128,0.460938,4,3.332,
a12c2a65-4314-4dde-be6e-968a0c70ee6e,561,78fb1da5274ff82f,macd_histogram_momentum_surge,momentum,close;macd_hist;return_24h;rsi_14;sma_20;volume_zscore_24h,ok,ok,0.900195,0.025373,0.059637,45,0.444444,4,3.273,
a12c2a65-4314-4dde-be6e-968a0c70ee6e,562,096c736cbc24970a,bollinger_mean_reversion_oversold,mean_reversion,bb_upper_24_2;close;return_24h;rsi_14;sma_24;zscore_48,ok,ok,-0.984314,-0.074125,0.267461,392,0.464286,4,3.333,
a12c2a65-4314-4dde-be6e-968a0c70ee6e,563,e11672c6620f2ae4,volatility_compression_breakout,volatility_regime,atr_14;realized_vol_24h;return_24h;zscore_48,ok,ok,-0.146181,0.004546,0.495337,125,0.352000,4,3.284,
a12c2a65-4314-4dde-be6e-968a0c70ee6e,564,c4d48e841e22dbbd,volume_divergence_price_exhaustion,volume_divergence,close;return_1h;return_24h;rsi_14;sma_20;volume_zscore_24h,ok,ok,-1.018069,-0.086874,0.258467,145,0.400000,4,3.295,
a12c2a65-4314-4dde-be6e-968a0c70ee6e,565,54fe28c4563dabb5,weekend_volatility_fade,calendar_effect,day_of_week;realized_vol_24h;return_168h;return_24h;rsi_14,ok,ok,0.000000,0.000000,0.000000,0,0.000000,4,3.303,
a12c2a65-4314-4dde-be6e-968a0c70ee6e,566,b5fdbb3e972af6d9,momentum_continuation_rsi_macd,momentum,close;ema_12;macd_hist;return_1h;return_24h;rsi_14,ok,ok,-1.466904,-0.079155,0.220025,60,0.250000,4,3.268,
a12c2a65-4314-4dde-be6e-968a0c70ee6e,567,1addbd01358bf33d,bb_upper_breakdown_mean_reversion,mean_reversion,bb_upper_24_2;close;realized_vol_24h;return_1h;return_24h;rsi_14;sma_24,ok,ok,0.000000,0.000000,0.000000,0,0.000000,4,3.280,
a12c2a65-4314-4dde-be6e-968a0c70ee6e,568,b931165838a596e5,low_vol_regime_breakout_continuation,volatility_regime,close;realized_vol_24h;return_168h;return_24h;rsi_14;sma_50,ok,ok,0.138496,0.018485,0.131796,74,0.202703,4,3.271,
a12c2a65-4314-4dde-be6e-968a0c70ee6e,569,682f963a1bb60997,volume_surge_breakout_entry,volume_divergence,close;return_24h;rsi_14;sma_20;volume_zscore_24h,ok,ok,-1.847994,-0.056212,0.137392,24,0.208333,4,3.263,
a12c2a65-4314-4dde-be6e-968a0c70ee6e,570,9d7b2b5d1583eef4,monday_low_vol_mean_reversion,calendar_effect,day_of_week;realized_vol_24h;return_1h;return_24h;rsi_14,ok,ok,-0.702777,-0.051481,0.252273,31,0.516129,4,3.300,
a12c2a65-4314-4dde-be6e-968a0c70ee6e,571,cdd99150cf823473,macd_momentum_surge_entry,momentum,macd_hist;return_1h;return_24h;rsi_14,ok,ok,-0.425068,-0.022478,0.130511,67,0.313433,4,3.264,
a12c2a65-4314-4dde-be6e-968a0c70ee6e,572,5f66e432a31a6bca,bb_mean_reversion_oversold_bounce,mean_reversion,bb_upper_24_2;close;return_1h;return_24h;rsi_14;zscore_48,ok,ok,-1.347650,-0.033676,0.085305,99,0.434343,4,3.273,
a12c2a65-4314-4dde-be6e-968a0c70ee6e,573,23d6c3691e1e4af2,vol_breakout_after_compression,volatility_regime,macd_hist;realized_vol_24h;return_24h;rsi_14,ok,ok,-0.676046,-0.040385,0.150798,4,0.250000,4,3.255,
a12c2a65-4314-4dde-be6e-968a0c70ee6e,574,cfd24b8b72d6e429,volume_divergence_surge_entry,volume_divergence,macd_hist;return_1h;return_24h;rsi_14;volume_zscore_24h,ok,ok,0.151289,0.030299,0.122786,34,0.500000,4,3.269,
a12c2a65-4314-4dde-be6e-968a0c70ee6e,575,d490d8883f567c08,monday_weakness_tuesday_reversal,calendar_effect,day_of_week;hour_of_day;return_1h;return_24h;rsi_14,ok,ok,-1.272683,-0.059863,0.153130,32,0.500000,4,3.309,
a12c2a65-4314-4dde-be6e-968a0c70ee6e,576,92d4ee7e2d6d2286,macd_momentum_acceleration,momentum,macd_hist;return_1h;return_24h;rsi_14,ok,ok,-0.369767,-0.021667,0.130511,80,0.337500,4,3.248,
a12c2a65-4314-4dde-be6e-968a0c70ee6e,577,2b1c9dd8d0cfac5c,oversold_bb_bounce_mean_reversion,mean_reversion,bb_upper_24_2;close;return_24h;rsi_14;zscore_48,ok,ok,0.709277,0.045800,0.235683,105,0.676190,4,3.274,
a12c2a65-4314-4dde-be6e-968a0c70ee6e,578,0c847112f6e80e74,high_vol_regime_breakout_continuation,volatility_regime,close;macd_hist;realized_vol_24h;return_1h;return_24h;rsi_14;sma_20,ok,ok,0.000000,0.000000,0.000000,0,0.000000,4,3.255,
a12c2a65-4314-4dde-be6e-968a0c70ee6e,579,87b449cb070d42ba,volume_divergence_momentum_fade,volume_divergence,close;return_1h;return_24h;rsi_14;sma_20;volume_zscore_24h,ok,ok,-1.040567,-0.081513,0.252334,118,0.338983,4,3.267,
a12c2a65-4314-4dde-be6e-968a0c70ee6e,580,b10f4563366481b3,friday_close_weekend_positioning,calendar_effect,day_of_week;hour_of_day;return_1h;return_24h;rsi_14,ok,ok,0.045408,0.000472,0.125956,35,0.542857,4,3.248,
a12c2a65-4314-4dde-be6e-968a0c70ee6e,581,b24ca51d477c2e96,macd_rsi_momentum_alignment,momentum,close;macd_hist;return_1h;return_24h;rsi_14;sma_50,ok,ok,-0.360758,-0.018287,0.130621,65,0.338462,4,3.290,
a12c2a65-4314-4dde-be6e-968a0c70ee6e,582,52f1d552a95cf654,bb_oversold_vol_compression_reversal,mean_reversion,bb_upper_24_2;close;realized_vol_24h;return_1h;return_24h;rsi_14;zscore_48,ok,ok,0.050827,-0.039445,0.353806,84,0.619048,4,3.286,
a12c2a65-4314-4dde-be6e-968a0c70ee6e,583,8ad6dfcdbd6ddebd,high_vol_regime_breakout_continuation,volatility_regime,close;macd_hist;realized_vol_24h;return_24h;rsi_14;sma_24,ok,ok,0.775191,0.016321,0.029262,5,0.600000,4,3.248,
a12c2a65-4314-4dde-be6e-968a0c70ee6e,584,1273708b1765b087,volume_spike_momentum_divergence,volume_divergence,close;macd_hist;return_24h;rsi_14;sma_50;volume_zscore_24h,ok,ok,0.513993,0.021170,0.020762,6,0.666667,4,3.250,
a12c2a65-4314-4dde-be6e-968a0c70ee6e,585,3c1bd1016b216d2e,monday_oversold_mean_reversion,calendar_effect,close;day_of_week;realized_vol_24h;return_24h;rsi_14;sma_20,ok,ok,-1.086310,-0.073887,0.206009,28,0.321429,4,3.252,
a12c2a65-4314-4dde-be6e-968a0c70ee6e,586,a9f2e6f69e4a2ac6,macd_histogram_acceleration_thrust,momentum,close;ema_12;ema_26;macd_hist;return_24h;rsi_14,ok,ok,-0.597011,-0.022269,0.191084,161,0.385093,4,3.319,
a12c2a65-4314-4dde-be6e-968a0c70ee6e,587,932be48f45cfdf38,bollinger_oversold_zscore_reversion,mean_reversion,bb_upper_24_2;close;realized_vol_24h;return_24h;rsi_14;zscore_48,ok,ok,1.402279,0.172799,0.115941,14,0.857143,4,3.258,
a12c2a65-4314-4dde-be6e-968a0c70ee6e,588,99f1e6809edde454,volatility_expansion_breakout_continuation,volatility_regime,close;macd_hist;realized_vol_24h;return_24h;rsi_14;sma_50,ok,ok,0.508489,0.007612,0.000694,1,1.000000,4,3.244,
a12c2a65-4314-4dde-be6e-968a0c70ee6e,589,039ce672cfe13dbd,volume_divergence_oversold_reversal,volume_divergence,close;return_24h;rsi_14;sma_20;sma_50;volume_zscore_24h;zscore_48,ok,ok,0.045911,0.016871,0.223809,84,0.595238,4,3.273,
a12c2a65-4314-4dde-be6e-968a0c70ee6e,590,4ce6e78ff9cff9b9,monday_opening_momentum_fade,calendar_effect,day_of_week;hour_of_day;return_1h;return_24h;rsi_14,ok,ok,0.321965,0.016367,0.054290,16,0.375000,4,3.250,
a12c2a65-4314-4dde-be6e-968a0c70ee6e,591,9f2eac0ca08c6d84,macd_histogram_momentum_surge,momentum,close;macd_hist;return_24h;rsi_14;sma_20,ok,ok,-1.300327,-0.072721,0.179478,154,0.363636,4,3.312,
a12c2a65-4314-4dde-be6e-968a0c70ee6e,592,9d9bf4d38bafff01,bollinger_squeeze_mean_revert,mean_reversion,close;realized_vol_24h;return_24h;rsi_14;sma_24;zscore_48,ok,ok,0.399409,0.018852,0.204623,100,0.630000,4,3.260,
a12c2a65-4314-4dde-be6e-968a0c70ee6e,593,e681a947be1fbbfc,volatility_compression_breakout,volatility_regime,close;realized_vol_24h;return_24h;sma_20;zscore_48,ok,ok,-0.315908,-0.010347,0.257494,241,0.240664,4,3.281,
a12c2a65-4314-4dde-be6e-968a0c70ee6e,594,ba2ceb9fae9adc0a,volume_divergence_breakout,volume_divergence,close;macd_hist;return_24h;rsi_14;sma_20;volume_zscore_24h,ok,ok,0.141333,0.003599,0.103647,28,0.321429,4,3.241,
a12c2a65-4314-4dde-be6e-968a0c70ee6e,595,3ae2be8da81487a9,weekend_momentum_fade,calendar_effect,day_of_week;return_24h;rsi_14;volume_zscore_24h,ok,ok,-0.165057,-0.019651,0.172117,45,0.311111,4,3.244,
71d42a07-d88f-431a-a653-601010cf1921,596,5396c991f3ccf3a9,momentum_rsi_oversold_reversal,momentum,rsi_14,ok,ok,0.258947,0.017003,0.432361,97,0.618557,4,3.062,
71d42a07-d88f-431a-a653-601010cf1921,597,749966fa46d835fa,bb_lower_reversion_with_vol,mean_reversion,bb_upper_24_2;close;realized_vol_24h;sma_24;zscore_48,ok,ok,0.625789,0.043576,0.115958,4,0.750000,4,3.062,
71d42a07-d88f-431a-a653-601010cf1921,598,714d579147a3cb49,vol_regime_shift_breakout,volatility_regime,atr_14;close;realized_vol_24h;return_24h;sma_20,ok,ok,0.000000,0.000000,0.000000,0,0.000000,4,3.078,
71d42a07-d88f-431a-a653-601010cf1921,599,16862831f873e947,volume_surge_momentum_entry,volume_divergence,close;ema_12;return_24h;volume_zscore_24h,ok,ok,-1.315565,-0.102152,0.456598,122,0.393443,4,3.093,
71d42a07-d88f-431a-a653-601010cf1921,600,07067196848fb667,weekend_mean_reversion_volatility,calendar_effect,close;day_of_week;realized_vol_24h;rsi_14;sma_20;sma_50,ok,ok,0.152813,0.004906,0.067829,1,1.000000,4,3.084,
71d42a07-d88f-431a-a653-601010cf1921,601,7f7e34382afbf32f,macd_histogram_momentum_acceleration,momentum,close;ema_12;macd_hist;return_24h,ok,ok,0.616775,0.051995,0.340038,116,0.344828,4,3.131,
71d42a07-d88f-431a-a653-601010cf1921,602,edb301d288011197,bollinger_mean_reversion_oversold,mean_reversion,bb_upper_24_2;close;return_24h;rsi_14;sma_24;zscore_48,ok,ok,0.206314,0.001690,0.221813,84,0.630952,4,3.141,
71d42a07-d88f-431a-a653-601010cf1921,603,2ff95d8d5a520869,low_volatility_breakout_entry,volatility_regime,atr_14;close;ema_12;ema_26;realized_vol_24h;return_24h,ok,ok,0.084114,-0.022627,0.564323,29,0.517241,4,3.117,
71d42a07-d88f-431a-a653-601010cf1921,604,d23fda6363e8224a,volume_divergence_momentum_surge,volume_divergence,close;ema_12;ema_26;return_24h;rsi_14;volume_zscore_24h,ok,ok,-1.348665,-0.128237,0.350404,99,0.404040,4,3.134,
71d42a07-d88f-431a-a653-601010cf1921,605,07481ff76d650595,monday_oversold_reversal,calendar_effect,close;day_of_week;ema_12;return_24h;rsi_14;sma_20,ok,ok,-0.056958,-0.050285,0.328698,29,0.482759,4,3.121,
71d42a07-d88f-431a-a653-601010cf1921,606,ba2ed8b84c9460ed,macd_histogram_momentum_acceleration,momentum,close;ema_12;ema_26;macd_hist;return_24h;rsi_14,ok,ok,0.151612,0.047357,0.420716,50,0.560000,4,3.192,
71d42a07-d88f-431a-a653-601010cf1921,607,73a2eae76aa75482,bollinger_overshoot_mean_reversion,mean_reversion,bb_upper_24_2;close;return_24h;rsi_14;sma_24,ok,ok,0.988555,0.078299,0.251289,90,0.455556,4,3.135,
71d42a07-d88f-431a-a653-601010cf1921,608,2cf174f67911eacf,low_vol_breakout_continuation,volatility_regime,close;ema_26;realized_vol_24h;return_24h;sma_50;volume_zscore_24h,ok,ok,-0.069317,-0.050405,0.476708,19,0.473684,4,3.152,
71d42a07-d88f-431a-a653-601010cf1921,609,a38bf01854ef1296,volume_divergence_breakout_confirmation,volume_divergence,close;return_1h;return_24h;rsi_14;sma_24;volume_zscore_24h,ok,ok,-0.026377,-0.017683,0.379346,102,0.352941,4,3.177,
71d42a07-d88f-431a-a653-601010cf1921,610,6e61b70ade411182,monday_dip_buy_regime_filter,calendar_effect,close;day_of_week;return_1h;return_24h;rsi_14;sma_50,ok,ok,1.582732,0.044959,0.084687,5,1.000000,4,3.129,
71d42a07-d88f-431a-a653-601010cf1921,611,1f7c28cdb1a51c72,macd_momentum_reversal_rsi_filter,momentum,close;macd_hist;rsi_14;sma_20,ok,ok,0.985115,0.155578,0.488787,31,0.612903,4,3.185,
71d42a07-d88f-431a-a653-601010cf1921,612,9c0f397d549abdc4,bb_squeeze_mean_reversion_rsi,mean_reversion,bb_upper_24_2;close;return_24h;rsi_14;sma_24;sma_50,ok,ok,0.920997,0.080276,0.229621,104,0.451923,4,3.162,
71d42a07-d88f-431a-a653-601010cf1921,613,959ef80ec732f8aa,low_vol_breakout_ema_cross,volatility_regime,close;ema_12;ema_26;realized_vol_24h;rsi_14;sma_50,ok,ok,0.324311,0.050226,0.522869,27,0.481481,4,3.143,
71d42a07-d88f-431a-a653-601010cf1921,614,cbca71ec9bf2e3c4,volume_divergence_price_breakout,volume_divergence,close;return_24h;rsi_14;sma_20;sma_50;volume_zscore_24h,ok,ok,-0.942557,-0.073844,0.366334,22,0.500000,4,3.163,
71d42a07-d88f-431a-a653-601010cf1921,615,684ed1f2a504421c,monday_dip_buying_after_weekend,calendar_effect,close;day_of_week;return_168h;rsi_14;sma_20,ok,ok,0.132759,0.074610,0.296060,26,0.576923,4,3.140,
71d42a07-d88f-431a-a653-601010cf1921,616,5a44d243ae463b64,macd_momentum_surge_continuation,momentum,close;macd_hist;return_24h;rsi_14;sma_50,ok,ok,1.075471,0.143545,0.407973,27,0.518519,4,3.175,
71d42a07-d88f-431a-a653-601010cf1921,617,d2490ff76aafdcb6,bollinger_oversold_mean_reversion,mean_reversion,bb_upper_24_2;close;return_168h;rsi_14;zscore_48,ok,ok,-0.047500,-0.007705,0.228716,44,0.727273,4,3.138,
71d42a07-d88f-431a-a653-601010cf1921,618,85af08f8e4b62fc6,low_vol_breakout_above_ema26,volatility_regime,close;ema_26;realized_vol_24h;return_24h;volume_zscore_24h,ok,ok,0.998409,0.161802,0.486387,24,0.583333,4,3.150,
71d42a07-d88f-431a-a653-601010cf1921,619,5ff83a2ffa48bffd,volume_divergence_pullback_reversal,volume_divergence,close;return_168h;rsi_14;sma_20;volume_zscore_24h,ok,ok,0.228137,0.011952,0.245665,35,0.600000,4,3.158,
71d42a07-d88f-431a-a653-601010cf1921,620,78eeb0d4685bb809,weekend_momentum_continuation,calendar_effect,close;day_of_week;ema_12;return_24h;volume_zscore_24h,ok,ok,-0.983564,-0.085218,0.305470,46,0.326087,4,3.147,
71d42a07-d88f-431a-a653-601010cf1921,621,f5f237c9eaa2746f,macd_hist_expansion_momentum,momentum,close;macd_hist;return_24h;sma_20;volume_zscore_24h,ok,ok,0.498555,0.066425,0.371807,72,0.444444,4,3.172,
71d42a07-d88f-431a-a653-601010cf1921,622,ba203d697a5f3ac4,bollinger_mean_reversion_zscore,mean_reversion,bb_upper_24_2;close;realized_vol_24h;sma_24;zscore_48,ok,ok,-0.453864,-0.017234,0.128903,1,0.000000,4,3.178,
71d42a07-d88f-431a-a653-601010cf1921,623,cb1fee374fbe074d,low_vol_breakout_rsi_divergence,volatility_regime,close;realized_vol_24h;rsi_14;sma_20;volume_zscore_24h,ok,ok,-1.002071,-0.060584,0.220556,103,0.233010,4,3.169,
71d42a07-d88f-431a-a653-601010cf1921,624,1466e6f5bcb59af0,volume_surge_momentum_divergence,volume_divergence,close;ema_12;return_24h;rsi_14;volume_zscore_24h,ok,ok,-1.075847,-0.045615,0.153251,89,0.382022,4,3.176,
71d42a07-d88f-431a-a653-601010cf1921,625,cb2a7de02948958c,monday_morning_momentum_continuation,calendar_effect,close;day_of_week;ema_12;hour_of_day;return_24h;rsi_14,ok,ok,-1.415864,-0.099111,0.248890,33,0.454545,4,3.161,
71d42a07-d88f-431a-a653-601010cf1921,626,13135e021fcb9976,macd_hist_momentum_acceleration,momentum,close;ema_26;macd_hist;return_24h;rsi_14,ok,ok,-0.313061,0.030140,0.195424,143,0.328671,4,3.180,
71d42a07-d88f-431a-a653-601010cf1921,627,43e9875ec9c75daa,bb_upper_reversal_zscore_fade,mean_reversion,bb_upper_24_2;close;return_24h;rsi_14;sma_24;zscore_48,ok,ok,-0.847036,-0.038221,0.146708,75,0.293333,4,3.203,
71d42a07-d88f-431a-a653-601010cf1921,628,290f2d42ab54df6a,volatility_regime_breakout_confirmation,volatility_regime,close;realized_vol_24h;return_24h;rsi_14;sma_50;volume_zscore_24h,ok,ok,0.000000,0.000000,0.000000,0,0.000000,4,3.158,
71d42a07-d88f-431a-a653-601010cf1921,629,d325e35c77a1f21d,volume_divergence_momentum_exhaustion,volume_divergence,close;return_24h;rsi_14;sma_20;volume_zscore_24h,ok,ok,-0.742056,-0.078818,0.298837,118,0.313559,4,3.182,
71d42a07-d88f-431a-a653-601010cf1921,630,2cc19d1b5e2c9024,weekday_momentum_friday_fade,calendar_effect,close;day_of_week;hour_of_day;return_24h;rsi_14;sma_20,ok,ok,0.768022,0.059676,0.172975,24,0.458333,4,3.170,
71d42a07-d88f-431a-a653-601010cf1921,631,5e0316937e1c9af3,momentum_acceleration_macd_volume_surge,momentum,macd_hist;return_24h;rsi_14;volume_zscore_24h,ok,ok,-1.210981,-0.049542,0.176430,21,0.333333,4,3.160,
71d42a07-d88f-431a-a653-601010cf1921,632,62fa412d71788456,bollinger_mean_reversion_oversold_bounce,mean_reversion,bb_upper_24_2;close;return_24h;rsi_14;sma_24;volume_zscore_24h,ok,ok,1.953366,0.259308,0.292318,118,0.677966,4,3.225,
71d42a07-d88f-431a-a653-601010cf1921,633,38cc8e99569aad6d,volatility_expansion_atr_surge_breakout,volatility_regime,atr_14;close;ema_12;realized_vol_24h;return_1h;return_24h;volume_zscore_24h,ok,ok,-0.765123,-0.138250,0.553202,229,0.515284,4,3.217,
71d42a07-d88f-431a-a653-601010cf1921,634,86b32461ebbaa144,volume_divergence_price_breakdown_reversal,volume_divergence,close;return_24h;rsi_14;sma_20;volume_zscore_24h,ok,ok,2.376543,0.230850,0.171406,57,0.701754,4,3.183,
71d42a07-d88f-431a-a653-601010cf1921,635,9b1893a14eb2dc3c,monday_weakness_weekend_momentum_fade,calendar_effect,close;day_of_week;ema_26;return_24h;rsi_14;sma_20,ok,ok,-0.217586,-0.051114,0.328716,33,0.484848,4,3.183,
71d42a07-d88f-431a-a653-601010cf1921,636,50f6d330fe4669d0,momentum_exhaustion_macd_divergence_reversal,momentum,close;ema_26;macd_hist;return_24h;rsi_14,ok,ok,-0.926954,-0.064796,0.204660,34,0.382353,4,3.166,
71d42a07-d88f-431a-a653-601010cf1921,637,9facf3b857646e2a,bollinger_lower_bounce_oversold_recovery,mean_reversion,bb_upper_24_2;close;return_24h;rsi_14;zscore_48,ok,ok,1.161210,0.131238,0.231190,89,0.685393,4,3.213,
71d42a07-d88f-431a-a653-601010cf1921,638,b514838f80ea92b4,volatility_compression_breakout_anticipation,volatility_regime,close;realized_vol_24h;return_24h;sma_50;zscore_48,ok,ok,-0.498047,-0.050133,0.481847,141,0.276596,4,3.200,
71d42a07-d88f-431a-a653-601010cf1921,639,bbba6fcf5c094252,volume_surge_momentum_confirmation_entry,volume_divergence,close;ema_12;ema_26;macd_hist;return_24h;volume_zscore_24h,ok,ok,-0.997927,-0.041827,0.199193,17,0.352941,4,3.179,
71d42a07-d88f-431a-a653-601010cf1921,640,ce59e4379df29136,monday_open_dip_buy_calendar_anomaly,calendar_effect,close;day_of_week;hour_of_day;return_24h;rsi_14;sma_20,ok,ok,0.256249,-0.009461,0.239297,27,0.629630,4,3.175,
71d42a07-d88f-431a-a653-601010cf1921,641,3a2ca13b800882ce,macd_histogram_momentum_reversal_capture,momentum,close;ema_26;macd_hist;return_24h;rsi_14,ok,ok,0.329483,0.039774,0.465323,77,0.649351,4,3.181,
71d42a07-d88f-431a-a653-601010cf1921,642,3545da1529f4bb00,bollinger_mean_reversion_oversold_bounce,mean_reversion,bb_upper_24_2;close;return_24h;rsi_14;sma_24;zscore_48,ok,ok,0.892720,0.091992,0.240460,76,0.631579,4,3.226,
71d42a07-d88f-431a-a653-601010cf1921,643,d0819cc5e4334dbd,volatility_compression_breakout_regime_shift,volatility_regime,atr_14;close;realized_vol_24h;return_24h;rsi_14;sma_50;volume_zscore_24h,ok,ok,0.559038,0.107010,0.482937,103,0.359223,4,3.225,
71d42a07-d88f-431a-a653-601010cf1921,644,6d374417664ae6cc,volume_divergence_momentum_exhaustion,volume_divergence,close;return_1h;return_24h;rsi_14;sma_20;volume_zscore_24h,ok,ok,-1.330746,-0.098626,0.211874,103,0.339806,4,3.183,
71d42a07-d88f-431a-a653-601010cf1921,645,c4f10db3be623ce4,tuesday_thursday_momentum_continuation,calendar_effect,day_of_week;hour_of_day;return_1h;return_24h;rsi_14,ok,ok,-0.184378,-0.009152,0.324294,70,0.385714,4,3.197,
71d42a07-d88f-431a-a653-601010cf1921,646,758f508d5dc03e05,macd_histogram_surge_momentum_acceleration,momentum,macd_hist;return_1h;return_24h;rsi_14;volume_zscore_24h,ok,ok,0.369508,0.072639,0.240530,54,0.351852,4,3.181,
71d42a07-d88f-431a-a653-601010cf1921,647,eb7c440b24b66fee,bollinger_lower_oversold_mean_reversion,mean_reversion,bb_upper_24_2;close;return_1h;return_24h;rsi_14;sma_24;volume_zscore_24h;zscore_48,ok,ok,1.409802,0.133178,0.326986,108,0.657407,4,3.244,
71d42a07-d88f-431a-a653-601010cf1921,648,348fd0bac45ffac9,volatility_compression_breakout_regime,volatility_regime,atr_14;realized_vol_24h;return_1h;rsi_14;volume_zscore_24h;zscore_48,ok,ok,-0.148210,0.009382,0.623967,45,0.466667,4,3.203,
71d42a07-d88f-431a-a653-601010cf1921,649,43f695593c730af9,volume_divergence_price_momentum_reversal,volume_divergence,macd_hist;return_1h;return_24h;rsi_14;volume_zscore_24h,ok,ok,-1.122472,-0.095966,0.532994,185,0.454054,4,3.198,
71d42a07-d88f-431a-a653-601010cf1921,650,8416966bb4ff9e44,weekend_volatility_fade_monday_reversal,calendar_effect,day_of_week;hour_of_day;realized_vol_24h;return_24h;rsi_14,ok,ok,-0.741635,-0.061829,0.297773,99,0.474747,4,3.172,
71d42a07-d88f-431a-a653-601010cf1921,651,a19ee4f18698397c,macd_histogram_momentum_acceleration,momentum,ema_12;ema_26;macd_hist;return_24h;rsi_14,ok,ok,-2.062701,-0.157700,0.361856,84,0.369048,4,3.201,
71d42a07-d88f-431a-a653-601010cf1921,652,4416d502d25b5c0e,bollinger_squeeze_reversal_fade,mean_reversion,bb_upper_24_2;close;macd_hist;realized_vol_24h;return_24h;rsi_14;sma_24,ok,ok,1.241637,0.120601,0.169082,99,0.414141,4,3.236,
71d42a07-d88f-431a-a653-601010cf1921,653,1818460125daf938,atr_expansion_breakout_continuation,volatility_regime,atr_14;close;realized_vol_24h;return_168h;return_24h;rsi_14;sma_20,ok,ok,0.000000,0.000000,0.000000,0,0.000000,4,3.176,
71d42a07-d88f-431a-a653-601010cf1921,654,6b9e0bdda03f1e2c,volume_divergence_momentum_fade,volume_divergence,close;return_1h;return_24h;rsi_14;sma_20;volume_zscore_24h,ok,ok,-1.680202,-0.127633,0.315286,108,0.296296,4,3.200,
71d42a07-d88f-431a-a653-601010cf1921,655,95d5cfc1c0a9579a,monday_mean_reversion_after_weekend_drift,calendar_effect,close;day_of_week;return_168h;return_24h;rsi_14;sma_50,ok,ok,0.303520,0.012382,0.125536,34,0.411765,4,3.196,
71d42a07-d88f-431a-a653-601010cf1921,656,022e2c27aa3e07ce,macd_momentum_surge_with_volatility_confirmation,momentum,close;ema_12;macd_hist;realized_vol_24h;return_168h;return_24h;rsi_14,ok,ok,-0.102493,-0.006415,0.154055,1,0.000000,4,3.180,
71d42a07-d88f-431a-a653-601010cf1921,657,93d8692ab1a060f2,rsi_oversold_bb_bounce_mean_reversion,mean_reversion,close;realized_vol_24h;return_168h;return_24h;rsi_14;sma_24;zscore_48,ok,ok,1.517907,0.196820,0.393132,120,0.616667,4,3.234,
71d42a07-d88f-431a-a653-601010cf1921,658,9bbc954a77ba8844,vol_compression_breakout_with_hour_timing,volatility_regime,close;ema_26;hour_of_day;macd_hist;realized_vol_24h;rsi_14;sma_20,ok,ok,0.259525,-0.001158,0.334648,85,0.423529,4,3.199,
71d42a07-d88f-431a-a653-601010cf1921,659,5b1a3e8c091895dc,volume_surge_momentum_divergence_fade,volume_divergence,close;return_24h;rsi_14;sma_20;volume_zscore_24h,ok,ok,0.009821,-0.002139,0.459745,93,0.602151,4,3.211,
71d42a07-d88f-431a-a653-601010cf1921,660,5196d5c737645ef5,monday_mean_reversion_after_weekend_drift,calendar_effect,close;day_of_week;realized_vol_24h;return_24h;rsi_14;sma_20;zscore_48,ok,ok,0.762262,0.051819,0.399106,37,0.648649,4,3.190,
71d42a07-d88f-431a-a653-601010cf1921,661,afbae68accc0d67f,macd_histogram_momentum_thrust,momentum,close;ema_12;macd_hist;return_24h;rsi_14;sma_50,ok,ok,0.144294,-0.005058,0.456781,62,0.661290,4,3.211,
71d42a07-d88f-431a-a653-601010cf1921,662,553e4457fe35de12,bollinger_lower_reversion_low_vol,mean_reversion,bb_upper_24_2;close;realized_vol_24h;return_24h;rsi_14;sma_24;zscore_48,ok,ok,-0.098573,-0.068392,0.475681,76,0.644737,4,3.638,
71d42a07-d88f-431a-a653-601010cf1921,663,01ea73647b23290a,low_vol_breakout_ema_cross,volatility_regime,close;ema_12;ema_26;realized_vol_24h;return_24h;rsi_14;sma_20,ok,ok,0.285463,0.083744,0.487112,40,0.525000,4,3.560,
71d42a07-d88f-431a-a653-601010cf1921,664,19c351b0d2cd110a,volume_divergence_breakout_thrust,volume_divergence,close;return_24h;rsi_14;sma_20;volume_zscore_24h,ok,ok,-1.503358,-0.088777,0.234603,32,0.437500,4,3.669,
71d42a07-d88f-431a-a653-601010cf1921,665,2b36b7d2b1eb8df4,monday_dip_reversal_low_rsi,calendar_effect,close;day_of_week;realized_vol_24h;return_24h;rsi_14;sma_20;sma_50,ok,ok,-0.092415,-0.023650,0.196389,34,0.470588,4,3.644,
71d42a07-d88f-431a-a653-601010cf1921,666,70d8340918bca1d2,macd_hist_momentum_surge,momentum,macd_hist;realized_vol_24h;return_24h;rsi_14,ok,ok,-1.048541,-0.134829,0.451205,114,0.543860,4,3.400,
71d42a07-d88f-431a-a653-601010cf1921,667,7255fd5af5fad14b,bollinger_squeeze_mean_revert,mean_reversion,bb_upper_24_2;close;realized_vol_24h;return_24h;rsi_14;sma_24;zscore_48,ok,ok,0.000000,0.000000,0.000000,0,0.000000,4,3.750,
71d42a07-d88f-431a-a653-601010cf1921,668,3a15bfec08fbb2a3,volatility_breakout_ema_divergence,volatility_regime,close;ema_12;macd_hist;realized_vol_24h;return_24h;rsi_14,ok,ok,0.000000,0.000000,0.000000,0,0.000000,4,3.594,
71d42a07-d88f-431a-a653-601010cf1921,669,eb3af35b484c771d,volume_surge_momentum_confirmation,volume_divergence,macd_hist;return_24h;rsi_14;volume_zscore_24h,ok,ok,-1.046011,-0.064767,0.281387,73,0.438356,4,3.458,
71d42a07-d88f-431a-a653-601010cf1921,670,c065a323ce256666,monday_morning_mean_reversion,calendar_effect,close;day_of_week;hour_of_day;return_24h;rsi_14;sma_20,ok,ok,0.384517,0.011010,0.191397,23,0.565217,4,3.752,
71d42a07-d88f-431a-a653-601010cf1921,671,624c71bee1c1bf05,momentum_acceleration_rsi_surge,momentum,ema_12;ema_26;macd_hist;return_24h;rsi_14,ok,ok,-0.933251,-0.082111,0.483603,144,0.430556,4,3.232,
71d42a07-d88f-431a-a653-601010cf1921,672,f8ade9a0859d42d7,bollinger_oversold_mean_reversion,mean_reversion,atr_14;bb_upper_24_2;close;realized_vol_24h;return_24h;rsi_14;sma_24;zscore_48,ok,ok,0.692226,0.065180,0.210847,96,0.614583,4,3.246,
71d42a07-d88f-431a-a653-601010cf1921,673,135640c9cd31f13f,low_volatility_compression_breakout,volatility_regime,atr_14;close;ema_12;realized_vol_24h;return_24h;rsi_14;sma_50;zscore_48,ok,ok,-0.106569,-0.007026,0.337884,131,0.389313,4,3.308,
71d42a07-d88f-431a-a653-601010cf1921,674,4ce91ca64313a192,volume_divergence_breakout_confirmation,volume_divergence,close;ema_12;ema_26;return_24h;rsi_14;sma_50;volume_zscore_24h,ok,ok,1.089678,0.020178,0.316381,46,0.434783,4,3.221,
71d42a07-d88f-431a-a653-601010cf1921,675,d3fe403c8b1c4130,monday_pre_europe_momentum_fade,calendar_effect,day_of_week;hour_of_day;return_1h;return_24h;rsi_14,ok,ok,0.308484,0.002749,0.076645,24,0.458333,4,3.206,
71d42a07-d88f-431a-a653-601010cf1921,676,b37737d3df8060a1,macd_hist_momentum_expansion,momentum,close;ema_12;ema_26;macd_hist;return_24h;rsi_14;sma_20,ok,ok,-2.495225,-0.222116,0.413951,78,0.500000,4,3.247,
71d42a07-d88f-431a-a653-601010cf1921,677,8876760376201934,bollinger_squeeze_mean_reversion,mean_reversion,bb_upper_24_2;close;realized_vol_24h;return_24h;rsi_14;sma_24;zscore_48,ok,ok,0.456865,0.019417,0.258518,106,0.641509,4,3.244,
71d42a07-d88f-431a-a653-601010cf1921,678,cc6def483ee7328a,volatility_expansion_breakout,volatility_regime,close;macd_hist;realized_vol_24h;return_24h;rsi_14;sma_50,ok,ok,0.481708,0.004105,0.000738,1,1.000000,4,3.232,
71d42a07-d88f-431a-a653-601010cf1921,679,a27d0baafd44c702,volume_divergence_price_momentum,volume_divergence,close;return_24h;rsi_14;sma_20;volume_zscore_24h,ok,ok,0.329019,0.031341,0.159013,128,0.500000,4,3.225,
71d42a07-d88f-431a-a653-601010cf1921,680,aadfb94aa98222db,monday_morning_volatility_fade,calendar_effect,day_of_week;hour_of_day;realized_vol_24h;return_24h;rsi_14,ok,ok,0.000000,0.000000,0.000000,0,0.000000,4,3.196,
71d42a07-d88f-431a-a653-601010cf1921,681,a8dd99193386e4a2,macd_histogram_acceleration_surge,momentum,close;ema_26;macd_hist;return_24h;rsi_14,ok,ok,-2.066398,-0.085505,0.188600,57,0.280702,4,3.214,
71d42a07-d88f-431a-a653-601010cf1921,682,108fd7a5cc006dfb,bollinger_overshoot_reversion,mean_reversion,bb_upper_24_2;close;return_24h;rsi_14;sma_24,ok,ok,-1.085977,-0.078555,0.317420,48,0.541667,4,3.214,
71d42a07-d88f-431a-a653-601010cf1921,683,7bb26f5db1db3907,atr_expansion_volatility_breakout,volatility_regime,atr_14;close;return_24h;rsi_14;sma_20;sma_24;sma_50,ok,ok,0.000000,0.000000,0.000000,0,0.000000,4,3.239,
71d42a07-d88f-431a-a653-601010cf1921,684,91c7809f4ec85808,volume_divergence_momentum_breakout,volume_divergence,close;ema_26;macd_hist;return_24h;volume_zscore_24h,ok,ok,-0.106292,-0.005709,0.152036,118,0.483051,4,3.217,
71d42a07-d88f-431a-a653-601010cf1921,685,66e30b9b827e21c2,monday_mean_reversion_calendar,calendar_effect,close;day_of_week;return_24h;rsi_14;sma_50,ok,ok,0.182508,-0.000501,0.227402,30,0.500000,4,3.201,
71d42a07-d88f-431a-a653-601010cf1921,686,521b60667c7910f7,macd_cross_trend_alignment_momentum,momentum,close;ema_26;macd_hist;return_24h;rsi_14,ok,ok,-0.954856,-0.095225,0.344148,76,0.539474,4,3.211,
71d42a07-d88f-431a-a653-601010cf1921,687,ec07cc5fd4b3b1d8,oversold_bounce_rsi_bb_mean_reversion,mean_reversion,bb_upper_24_2;close;return_24h;rsi_14;sma_24;zscore_48,ok,ok,0.544329,0.040044,0.236116,95,0.673684,4,3.233,
71d42a07-d88f-431a-a653-601010cf1921,688,5c422f82f298a5e1,volatility_contraction_breakout_regime,volatility_regime,close;realized_vol_24h;return_24h;sma_20;zscore_48,ok,ok,-0.268846,-0.012037,0.296041,236,0.224576,4,3.278,
71d42a07-d88f-431a-a653-601010cf1921,689,a6b252c86289f100,volume_divergence_weak_rally_fade,volume_divergence,close;macd_hist;return_24h;rsi_14;sma_20;volume_zscore_24h,ok,ok,0.269616,0.106153,0.361157,72,0.361111,4,3.214,
71d42a07-d88f-431a-a653-601010cf1921,690,282ee442d4a7941c,weekend_dip_monday_recovery,calendar_effect,day_of_week;hour_of_day;return_1h;return_24h;rsi_14,ok,ok,-0.329496,-0.042212,0.204211,25,0.480000,4,3.206,
71d42a07-d88f-431a-a653-601010cf1921,691,a11c9080439a1acb,macd_momentum_surge_with_volume,momentum,close;ema_12;ema_26;macd_hist;return_24h;rsi_14;volume_zscore_24h,ok,ok,0.040590,0.004601,0.354403,45,0.422222,4,3.221,
71d42a07-d88f-431a-a653-601010cf1921,692,5af701fd3d4f1fb0,bollinger_oversold_vol_spike_reversion,mean_reversion,bb_upper_24_2;close;macd_hist;realized_vol_24h;return_24h;rsi_14;sma_24;zscore_48,ok,ok,0.000000,0.000000,0.000000,0,0.000000,4,3.216,
71d42a07-d88f-431a-a653-601010cf1921,693,f7eb238e4f07fd4d,low_vol_breakout_volume_confirmation,volatility_regime,close;ema_26;macd_hist;realized_vol_24h;return_24h;rsi_14;sma_50;volume_zscore_24h,ok,ok,-0.159830,-0.039546,0.265690,26,0.653846,4,3.226,
71d42a07-d88f-431a-a653-601010cf1921,694,65aeb3c690cced3a,volume_divergence_momentum_reversal,volume_divergence,close;macd_hist;return_24h;rsi_14;sma_20;volume_zscore_24h,ok,ok,-0.131616,-0.021355,0.473550,235,0.438298,4,3.299,
71d42a07-d88f-431a-a653-601010cf1921,695,7ded4f2098a975ca,monday_oversold_reversal,calendar_effect,close;day_of_week;macd_hist;return_24h;rsi_14;sma_20,ok,ok,-0.360622,-0.055507,0.228419,32,0.437500,4,3.210,
71d42a07-d88f-431a-a653-601010cf1921,696,98c773ef093159d9,macd_momentum_breakout_asian_hours,momentum,close;hour_of_day;macd_hist;return_24h;rsi_14;sma_20,ok,ok,0.661783,0.052643,0.230071,71,0.732394,4,3.222,
71d42a07-d88f-431a-a653-601010cf1921,697,f58b03217a8746a5,bb_squeeze_overextension_reversion,mean_reversion,bb_upper_24_2;close;realized_vol_24h;return_24h;rsi_14;sma_24,ok,ok,0.000000,0.000000,0.000000,0,0.000000,4,3.207,
71d42a07-d88f-431a-a653-601010cf1921,698,b77c7e3a864c7018,vol_regime_expansion_momentum_continuation,volatility_regime,close;ema_12;ema_26;macd_hist;realized_vol_24h;return_24h,ok,ok,0.186605,0.000123,0.000657,1,1.000000,4,3.201,
71d42a07-d88f-431a-a653-601010cf1921,699,187fc8b75ca7986d,volume_surge_divergence_reversal,volume_divergence,close;macd_hist;return_24h;rsi_14;sma_20;volume_zscore_24h,ok,ok,0.000000,0.000000,0.000000,0,0.000000,4,3.234,
71d42a07-d88f-431a-a653-601010cf1921,700,2b4c403b2e0b821c,monday_weakness_continuation,calendar_effect,close;day_of_week;return_24h;rsi_14;sma_50,ok,ok,-0.820969,-0.074152,0.238770,36,0.500000,4,3.206,
71d42a07-d88f-431a-a653-601010cf1921,701,a4144088a925d6f1,momentum_compression_breakout_anticipation,momentum,macd_hist;realized_vol_24h;return_24h;rsi_14;zscore_48,ok,ok,-0.687876,-0.049391,0.249582,50,0.460000,4,3.205,
71d42a07-d88f-431a-a653-601010cf1921,702,ad8930b6509e86e3,bollinger_reversal_low_vol_regime,mean_reversion,bb_upper_24_2;close;realized_vol_24h;return_24h;rsi_14;zscore_48,ok,ok,0.954266,0.196303,0.279976,42,0.476190,4,3.215,
71d42a07-d88f-431a-a653-601010cf1921,703,7ec5734fef0b630d,weekend_low_vol_reversal_friday_entry,calendar_effect,day_of_week;realized_vol_24h;return_24h;rsi_14,ok,ok,0.367846,0.000786,0.181578,34,0.676471,4,3.200,
71d42a07-d88f-431a-a653-601010cf1921,704,83af802b5dea160f,momentum_cascade_ema_crossover_vol_filter,momentum,ema_12;ema_26;realized_vol_24h;return_24h;rsi_14,ok,ok,0.593402,0.019924,0.106374,8,0.625000,4,3.211,
71d42a07-d88f-431a-a653-601010cf1921,705,615ddbaed4999bda,intraday_oversold_bounce_asian_hours,mean_reversion,hour_of_day;realized_vol_24h;return_1h;return_24h;rsi_14,ok,ok,0.485493,0.082506,0.329687,43,0.534884,4,3.193,
71d42a07-d88f-431a-a653-601010cf1921,706,47b285d4146da939,vol_regime_breakout_bb_macd_confluence,volatility_regime,bb_upper_24_2;close;macd_hist;realized_vol_24h;return_24h;rsi_14;sma_24,ok,ok,0.312753,0.019801,0.154055,1,1.000000,4,3.206,
71d42a07-d88f-431a-a653-601010cf1921,707,40207b5910358201,volume_divergence_oversold_reversal,volume_divergence,return_1h;return_24h;rsi_14;volume_zscore_24h,ok,ok,0.475922,0.014252,0.426278,64,0.609375,4,3.212,
71d42a07-d88f-431a-a653-601010cf1921,708,45adff3cbb55c85e,weekend_volatility_fade_momentum_exhaustion,calendar_effect,day_of_week;realized_vol_24h;return_1h;return_24h;rsi_14,ok,ok,0.000000,0.000000,0.000000,0,0.000000,4,3.192,
71d42a07-d88f-431a-a653-601010cf1921,709,4ec321d4543b381d,macd_hist_acceleration_vol_rsi_momentum,momentum,macd_hist;realized_vol_24h;return_24h;rsi_14,ok,ok,0.690209,0.004937,0.093078,2,0.500000,4,3.184,
71d42a07-d88f-431a-a653-601010cf1921,710,c793a3684ee5ea7f,bb_upper_breach_rsi_overbought_fade,mean_reversion,bb_upper_24_2;close;return_1h;return_24h;rsi_14;sma_24,ok,ok,0.818010,0.052966,0.207716,85,0.411765,4,3.251,
71d42a07-d88f-431a-a653-601010cf1921,711,d4c1beec1c6f37cd,vol_regime_shift_ema_crossover_entry,volatility_regime,ema_12;ema_26;realized_vol_24h;return_24h,ok,ok,0.003873,0.002081,0.375159,54,0.333333,4,3.206,
71d42a07-d88f-431a-a653-601010cf1921,712,c4ec5f5e63b2af15,volume_divergence_price_rise_vol_fall,volume_divergence,return_1h;return_24h;rsi_14;volume_zscore_24h,ok,ok,-0.510057,-0.041928,0.448675,113,0.345133,4,3.213,
71d42a07-d88f-431a-a653-601010cf1921,713,ec6a8a385c1a3e9a,monday_dip_buy_low_vol_regime,calendar_effect,day_of_week;realized_vol_24h;return_24h,ok,ok,0.138125,0.007910,0.130372,43,0.441860,4,3.172,
71d42a07-d88f-431a-a653-601010cf1921,714,b5e4672c453165cb,macd_momentum_accel_low_rsi_entry,momentum,macd_hist;return_1h;rsi_14,ok,ok,0.456995,0.015697,0.252711,119,0.521008,4,3.204,
71d42a07-d88f-431a-a653-601010cf1921,715,be142daed50a1e5e,bb_breach_mean_revert_low_vol,mean_reversion,bb_upper_24_2;close;realized_vol_24h;return_24h;rsi_14;sma_24,ok,ok,0.938975,0.083585,0.200304,118,0.449153,4,3.266,
71d42a07-d88f-431a-a653-601010cf1921,716,e026407d1c784340,vol_regime_shift_breakout_ema_cross,volatility_regime,ema_12;ema_26;realized_vol_24h;return_24h;rsi_14,ok,ok,0.000000,0.000000,0.000000,0,0.000000,4,3.177,
71d42a07-d88f-431a-a653-601010cf1921,717,a772a95149721067,volume_surge_price_momentum_divergence,volume_divergence,return_24h;rsi_14;volume_zscore_24h,ok,ok,-0.046709,0.004084,0.247151,95,0.400000,4,3.190,
71d42a07-d88f-431a-a653-601010cf1921,718,12170c20b4f8a20e,monday_morning_volatility_fade,calendar_effect,day_of_week;hour_of_day;realized_vol_24h;return_24h;rsi_14,ok,ok,0.000000,0.000000,0.000000,0,0.000000,4,3.188,
71d42a07-d88f-431a-a653-601010cf1921,719,a07811b81c6b2f3f,macd_histogram_expansion_momentum,momentum,close;macd_hist;return_24h;rsi_14;sma_50,ok,ok,-0.082914,0.001450,0.196075,153,0.326797,4,3.208,
71d42a07-d88f-431a-a653-601010cf1921,720,450f9ec65b90eb5e,bollinger_rsi_oversold_mean_reversion,mean_reversion,bb_upper_24_2;close;return_24h;rsi_14;sma_24;zscore_48,ok,ok,0.374937,0.034529,0.210847,91,0.615385,4,3.267,
71d42a07-d88f-431a-a653-601010cf1921,721,ccb85d79638731c3,low_vol_ema_crossover_breakout,volatility_regime,close;ema_12;ema_26;realized_vol_24h;return_24h;sma_50,ok,ok,0.573513,0.102640,0.268933,134,0.350746,4,3.240,
71d42a07-d88f-431a-a653-601010cf1921,722,11a61541d06897c9,volume_divergence_oversold_reversal,volume_divergence,close;return_24h;rsi_14;sma_20;volume_zscore_24h,ok,ok,1.138707,0.136711,0.424520,98,0.602041,4,3.221,
71d42a07-d88f-431a-a653-601010cf1921,723,528d072aceec02a0,monday_oversold_weekend_effect,calendar_effect,close;day_of_week;return_24h;rsi_14;sma_20,ok,ok,-0.683626,-0.083178,0.299432,35,0.428571,4,3.190,
71d42a07-d88f-431a-a653-601010cf1921,724,27603ddf11ff2455,macd_hist_positive_momentum_continuation,momentum,close;macd_hist;return_24h;rsi_14;sma_50,ok,ok,-0.072780,0.002157,0.196075,153,0.326797,4,3.224,
71d42a07-d88f-431a-a653-601010cf1921,725,91193161a3b49645,bb_lower_touch_volatility_fade,mean_reversion,bb_upper_24_2;close;realized_vol_24h;return_24h;rsi_14;sma_24,ok,ok,0.000000,0.000000,0.000000,0,0.000000,4,3.221,
71d42a07-d88f-431a-a653-601010cf1921,726,df4e913ebda359e2,vol_regime_shift_momentum_entry,volatility_regime,macd_hist;realized_vol_24h;return_24h;zscore_48,ok,ok,0.000000,0.000000,0.000000,0,0.000000,4,3.192,
71d42a07-d88f-431a-a653-601010cf1921,727,108751c80975f61e,volume_surge_momentum_divergence,volume_divergence,close;return_24h;rsi_14;sma_50;volume_zscore_24h,ok,ok,0.633978,0.061870,0.219677,46,0.630435,4,3.216,
71d42a07-d88f-431a-a653-601010cf1921,728,d495e783b7ab40e3,weekend_volatility_mean_reversion,calendar_effect,day_of_week;realized_vol_24h;return_24h;rsi_14;zscore_48,ok,ok,0.000000,0.000000,0.000000,0,0.000000,4,3.190,
71d42a07-d88f-431a-a653-601010cf1921,729,2b4979c176455fe6,momentum_cascade_rsi_macd_alignment,momentum,close;macd_hist;return_24h;rsi_14;sma_50,ok,ok,0.332364,0.097581,0.221706,136,0.375000,4,3.219,
71d42a07-d88f-431a-a653-601010cf1921,730,1086aa65a44317ec,bb_mean_reversion_volatility_filter,mean_reversion,bb_upper_24_2;close;realized_vol_24h;return_24h;rsi_14;zscore_48,ok,ok,0.000000,0.000000,0.000000,0,0.000000,4,3.238,
71d42a07-d88f-431a-a653-601010cf1921,731,1d7bd704dd26d2c0,volatility_compression_breakout,volatility_regime,atr_14;close;realized_vol_24h;return_24h;rsi_14;sma_20;volume_zscore_24h,ok,ok,0.232450,0.013876,0.436939,43,0.325581,4,3.234,
71d42a07-d88f-431a-a653-601010cf1921,732,dafed550be3c0dc1,volume_divergence_breakout_confirmation,volume_divergence,close;macd_hist;return_24h;rsi_14;sma_20;volume_zscore_24h,ok,ok,-0.114380,-0.027136,0.156203,27,0.444444,4,3.227,
71d42a07-d88f-431a-a653-601010cf1921,733,57815199ce92e9fd,monday_mean_reversion_oversold,calendar_effect,close;day_of_week;return_24h;rsi_14;sma_50;zscore_48,ok,ok,0.108190,-0.002553,0.193483,26,0.538462,4,3.219,
71d42a07-d88f-431a-a653-601010cf1921,734,0c8ca58d598624ad,macd_hist_momentum_acceleration,momentum,close;ema_12;macd_hist;return_24h;rsi_14;volume_zscore_24h,ok,ok,-2.372051,-0.137472,0.274457,73,0.438356,4,3.209,
71d42a07-d88f-431a-a653-601010cf1921,735,eef7f649dcff6558,bollinger_squeeze_mean_reversion,mean_reversion,bb_upper_24_2;close;macd_hist;realized_vol_24h;return_24h;rsi_14;sma_24;zscore_48,ok,ok,0.000000,0.000000,0.000000,0,0.000000,4,3.216,
71d42a07-d88f-431a-a653-601010cf1921,736,ce54067ca23bd580,volatility_breakout_atr_expansion,volatility_regime,atr_14;bb_upper_24_2;close;ema_26;realized_vol_24h;return_24h;rsi_14;sma_24;volume_zscore_24h,ok,ok,0.000000,0.000000,0.000000,0,0.000000,4,3.269,
71d42a07-d88f-431a-a653-601010cf1921,737,9176aa35bf702481,volume_divergence_momentum_fade,volume_divergence,close;macd_hist;return_24h;rsi_14;sma_50;volume_zscore_24h,ok,ok,-0.902703,-0.085863,0.299998,106,0.377358,4,3.223,
71d42a07-d88f-431a-a653-601010cf1921,738,e5bf957fd628b1e3,monday_dip_buy_weekly_reversion,calendar_effect,close;day_of_week;ema_12;ema_26;return_168h;return_24h;rsi_14,ok,ok,-0.188079,-0.038445,0.243401,83,0.493976,4,3.220,
71d42a07-d88f-431a-a653-601010cf1921,739,006de0b2ab7fe63f,macd_hist_acceleration_momentum,momentum,close;ema_12;macd_hist;return_24h;rsi_14;volume_zscore_24h,ok,ok,-1.140181,-0.090703,0.264674,64,0.312500,4,3.227,
71d42a07-d88f-431a-a653-601010cf1921,740,9802d0119424a264,bollinger_squeeze_reversion_entry,mean_reversion,atr_14;bb_upper_24_2;close;macd_hist;return_24h;rsi_14;sma_24;zscore_48,ok,ok,0.939514,0.018851,0.178744,44,0.681818,4,3.233,
71d42a07-d88f-431a-a653-601010cf1921,741,6507746d6e46d6d0,vol_regime_shift_breakout,volatility_regime,atr_14;close;ema_12;macd_hist;realized_vol_24h;return_24h;rsi_14;sma_20;volume_zscore_24h,ok,ok,0.000000,0.000000,0.000000,0,0.000000,4,3.261,
71d42a07-d88f-431a-a653-601010cf1921,742,bba5326942b270a6,volume_surge_price_lag_divergence,volume_divergence,close;ema_26;macd_hist;return_1h;return_24h;rsi_14;sma_50;volume_zscore_24h,ok,ok,-0.820501,-0.072887,0.323686,49,0.448980,4,3.231,
71d42a07-d88f-431a-a653-601010cf1921,743,d6456271da17660f,weekday_momentum_continuation,calendar_effect,close;day_of_week;ema_26;hour_of_day;return_24h;rsi_14,ok,ok,0.114605,0.021933,0.336208,97,0.391753,4,3.228,
71d42a07-d88f-431a-a653-601010cf1921,744,4a5fe6b0b645fff6,macd_histogram_acceleration_momentum,momentum,close;ema_12;ema_26;macd_hist;return_1h;return_24h;rsi_14,ok,ok,-1.009896,-0.072935,0.366351,118,0.338983,4,3.240,
71d42a07-d88f-431a-a653-601010cf1921,745,5053508eb29b23b2,oversold_bounce_ma_confluence,mean_reversion,close;macd_hist;return_1h;return_24h;rsi_14;sma_50,ok,ok,1.699455,0.025026,0.025501,7,0.571429,4,3.216,
71d42a07-d88f-431a-a653-601010cf1921,746,8a078f6fc67e1e76,volatility_compression_breakout,volatility_regime,close;macd_hist;realized_vol_24h;return_1h;return_24h;rsi_14;sma_24;zscore_48,ok,ok,-0.078074,0.006091,0.474351,428,0.357477,4,3.334,
71d42a07-d88f-431a-a653-601010cf1921,747,4f5fd82bd215d4b2,volume_divergence_momentum_surge,volume_divergence,close;ema_26;macd_hist;return_1h;return_24h;rsi_14;volume_zscore_24h,ok,ok,-1.169519,-0.060224,0.174015,97,0.340206,4,3.236,
71d42a07-d88f-431a-a653-601010cf1921,748,dac68dd61fab6f20,weekend_volatility_fade,calendar_effect,day_of_week;macd_hist;realized_vol_24h;return_1h;return_24h;rsi_14,ok,ok,0.000000,0.000000,0.000000,0,0.000000,4,3.206,
71d42a07-d88f-431a-a653-601010cf1921,749,c7297d1d2dedd405,macd_crossover_momentum_surge,momentum,macd_hist;return_1h;return_24h;rsi_14,ok,ok,-0.266006,-0.020172,0.346233,73,0.356164,4,3.206,
71d42a07-d88f-431a-a653-601010cf1921,750,9296ca084dd47e22,bollinger_mean_reversion_oversold,mean_reversion,bb_upper_24_2;close;return_1h;return_24h;rsi_14;sma_24;zscore_48,ok,ok,0.000000,0.000000,0.000000,0,0.000000,4,3.206,
71d42a07-d88f-431a-a653-601010cf1921,751,e7a616b8022c4d4c,volatility_compression_breakout,volatility_regime,close;ema_12;macd_hist;realized_vol_24h;return_1h;return_24h;rsi_14,ok,ok,-0.114020,-0.027118,0.467695,358,0.335196,4,3.324,
71d42a07-d88f-431a-a653-601010cf1921,752,c7b4a78ccd40944b,volume_divergence_momentum_thrust,volume_divergence,close;macd_hist;return_1h;return_24h;rsi_14;sma_50;volume_zscore_24h;zscore_48,ok,ok,-1.197289,-0.186789,0.634255,311,0.508039,4,3.282,
71d42a07-d88f-431a-a653-601010cf1921,753,245d6cad8ec18d44,monday_morning_momentum_capture,calendar_effect,close;day_of_week;ema_12;hour_of_day;macd_hist;return_24h;rsi_14,ok,ok,-1.060346,-0.131796,0.474986,526,0.382129,4,3.303,
71d42a07-d88f-431a-a653-601010cf1921,754,cc52a2c064555d51,macd_histogram_momentum_reversal,momentum,close;macd_hist;return_1h;return_24h;rsi_14;sma_20;sma_50,ok,ok,-0.664840,-0.045028,0.260312,78,0.500000,4,3.245,
71d42a07-d88f-431a-a653-601010cf1921,755,401b0b368c8c7c4c,bollinger_mean_reversion_volatility_spike,mean_reversion,bb_upper_24_2;close;macd_hist;realized_vol_24h;return_24h;rsi_14;sma_24;volume_zscore_24h;zscore_48,ok,ok,0.535604,0.043035,0.207039,126,0.626984,4,3.307,
71d42a07-d88f-431a-a653-601010cf1921,756,c1248f4794aa756b,volatility_compression_breakout_capture,volatility_regime,atr_14;close;macd_hist;realized_vol_24h;return_1h;return_24h;rsi_14;sma_20;sma_50,ok,ok,0.320743,0.005098,0.540319,211,0.417062,4,3.294,
71d42a07-d88f-431a-a653-601010cf1921,757,d2a0c4554f7a8b55,volume_divergence_breakout_confirmation,volume_divergence,close;macd_hist;return_1h;return_24h;rsi_14;sma_20;sma_50;volume_zscore_24h,ok,ok,-1.102240,-0.157620,0.639463,193,0.481865,4,3.272,
71d42a07-d88f-431a-a653-601010cf1921,758,c076cdad4ee7ca42,monday_volatility_fade_continuation,calendar_effect,close;day_of_week;macd_hist;realized_vol_24h;return_1h;return_24h;rsi_14;sma_20;sma_50,ok,ok,-0.119326,0.011368,0.147301,101,0.386139,4,3.253,
71d42a07-d88f-431a-a653-601010cf1921,759,0231db018a3c1fb6,momentum_acceleration_rsi_confirmation,momentum,ema_12;ema_26;macd_hist;return_1h;return_24h;rsi_14,ok,ok,-0.659075,-0.083475,0.333452,124,0.516129,4,3.242,
71d42a07-d88f-431a-a653-601010cf1921,760,d9ce877a2d10326c,bb_mean_reversion_oversold_rsi,mean_reversion,bb_upper_24_2;close;macd_hist;realized_vol_24h;return_1h;return_24h;rsi_14;sma_20;zscore_48,ok,ok,0.286056,0.018375,0.251044,108,0.601852,4,3.307,
71d42a07-d88f-431a-a653-601010cf1921,761,d04a420aa30a3c7f,vol_expansion_breakout_confirmation,volatility_regime,bb_upper_24_2;close;macd_hist;realized_vol_24h;return_1h;return_24h;sma_24,ok,ok,0.000000,0.000000,0.000000,0,0.000000,4,3.206,
71d42a07-d88f-431a-a653-601010cf1921,762,fb3a188b3ea6358a,volume_divergence_volatility_fade,volume_divergence,close;realized_vol_24h;return_1h;return_24h;rsi_14;sma_24;volume_zscore_24h,ok,ok,-0.452458,-0.068855,0.404890,176,0.397727,4,3.252,
71d42a07-d88f-431a-a653-601010cf1921,763,107694662f556fd0,monday_oversold_mean_reversion,calendar_effect,close;day_of_week;macd_hist;return_1h;return_24h;rsi_14;sma_50;zscore_48,ok,ok,0.470758,0.009027,0.191401,39,0.641026,4,3.232,
71d42a07-d88f-431a-a653-601010cf1921,764,fdf82152057f9369,macd_momentum_surge_with_volume,momentum,close;ema_26;macd_hist;return_1h;return_24h;rsi_14;volume_zscore_24h,ok,ok,-1.792018,-0.097564,0.211356,59,0.542373,4,3.540,
71d42a07-d88f-431a-a653-601010cf1921,765,061e9e68ea6881c3,bollinger_squeeze_oversold_reversion,mean_reversion,bb_upper_24_2;close;macd_hist;realized_vol_24h;return_1h;return_24h;rsi_14;sma_24;zscore_48,ok,ok,0.405352,0.045410,0.246262,118,0.686441,4,3.596,
71d42a07-d88f-431a-a653-601010cf1921,766,fe5f753b5d221fde,volatility_regime_shift_breakout,volatility_regime,close;ema_12;ema_26;macd_hist;realized_vol_24h;return_1h;return_24h;rsi_14;volume_zscore_24h,ok,ok,0.000000,0.000000,0.000000,0,0.000000,4,3.233,
71d42a07-d88f-431a-a653-601010cf1921,767,ec01a3cdf9e13652,volume_divergence_momentum_breakdown,volume_divergence,close;macd_hist;return_168h;return_1h;return_24h;rsi_14;sma_50;volume_zscore_24h;zscore_48,ok,ok,-1.195264,-0.034080,0.144148,27,0.444444,4,3.254,
71d42a07-d88f-431a-a653-601010cf1921,768,5f0b071378b58805,tuesday_momentum_continuation_long,calendar_effect,close;day_of_week;ema_26;macd_hist;return_168h;return_1h;return_24h;rsi_14;volume_zscore_24h,ok,ok,-0.358925,-0.019988,0.105331,43,0.395349,4,3.273,
71d42a07-d88f-431a-a653-601010cf1921,769,49631fe57c42a106,momentum_exhaustion_mean_reversion,momentum,close;ema_12;macd_hist;return_1h;return_24h;rsi_14;sma_20;volume_zscore_24h,ok,ok,0.507889,0.024054,0.085723,10,0.500000,4,3.252,
71d42a07-d88f-431a-a653-601010cf1921,770,e333bd003b56ac50,bollinger_squeeze_mean_reversion,mean_reversion,bb_upper_24_2;close;macd_hist;realized_vol_24h;return_24h;rsi_14;sma_24;volume_zscore_24h;zscore_48,ok,ok,-0.244673,-0.064048,0.284542,127,0.598425,4,3.304,
71d42a07-d88f-431a-a653-601010cf1921,771,41fc921187d2289d,low_volatility_breakout_continuation,volatility_regime,close;ema_26;macd_hist;realized_vol_24h;return_24h;rsi_14;volume_zscore_24h,ok,ok,-0.611663,-0.120025,0.607625,180,0.511111,4,3.289,
71d42a07-d88f-431a-a653-601010cf1921,772,866a1159c7b0650d,volume_divergence_momentum_breakdown,volume_divergence,close;ema_12;macd_hist;return_24h;rsi_14;sma_20;volume_zscore_24h,ok,ok,-1.758232,-0.108886,0.316548,99,0.383838,4,3.249,
71d42a07-d88f-431a-a653-601010cf1921,773,67e268cdb3a07f82,weekend_volatility_compression_breakout,calendar_effect,close;day_of_week;hour_of_day;realized_vol_24h;return_24h;rsi_14;sma_20;volume_zscore_24h,ok,ok,-0.537786,-0.028446,0.180887,42,0.404762,4,3.259,
71d42a07-d88f-431a-a653-601010cf1921,774,087de0f9c3c4f68e,momentum_exhaustion_rsi_divergence,momentum,bb_upper_24_2;close;ema_12;macd_hist;return_1h;return_24h;rsi_14;volume_zscore_24h,ok,ok,-2.176539,-0.062658,0.292140,113,0.283186,4,3.591,
71d42a07-d88f-431a-a653-601010cf1921,775,c834094b9e6dc57f,bollinger_squeeze_mean_reversion,mean_reversion,bb_upper_24_2;close;realized_vol_24h;return_24h;rsi_14;sma_24;volume_zscore_24h;zscore_48,ok,ok,0.800445,0.068239,0.303261,134,0.686567,4,3.530,
71d42a07-d88f-431a-a653-601010cf1921,776,268e3dfd7f9b2746,volatility_regime_shift_atr_expansion,volatility_regime,atr_14;bb_upper_24_2;close;macd_hist;realized_vol_24h;return_24h;rsi_14;sma_20;sma_24;volume_zscore_24h,ok,ok,0.000000,0.000000,0.000000,0,0.000000,4,3.258,
71d42a07-d88f-431a-a653-601010cf1921,777,1106a1ce00467f81,volume_divergence_price_momentum_fade,volume_divergence,close;ema_12;macd_hist;return_1h;return_24h;rsi_14;sma_20;volume_zscore_24h,ok,ok,-1.400663,-0.153419,0.395136,666,0.444444,4,3.354,
71d42a07-d88f-431a-a653-601010cf1921,778,fa94df110d1bb117,weekend_volatility_compression_entry,calendar_effect,close;day_of_week;realized_vol_24h;return_1h;return_24h;rsi_14;sma_20;zscore_48,ok,ok,-0.515467,-0.059507,0.364167,76,0.342105,4,3.259,
71d42a07-d88f-431a-a653-601010cf1921,779,d24b251fadcd9d23,momentum_exhaustion_rsi_overbought_fade,momentum,close;ema_12;macd_hist;return_1h;return_24h;rsi_14;sma_20;volume_zscore_24h,ok,ok,-1.327925,-0.015063,0.029916,5,0.200000,4,3.255,
71d42a07-d88f-431a-a653-601010cf1921,780,1ac2dcebbbb2d522,bollinger_mean_reversion_oversold_bounce,mean_reversion,bb_upper_24_2;close;return_24h;rsi_14;sma_24;volume_zscore_24h;zscore_48,ok,ok,0.111562,-0.003140,0.240684,239,0.682008,4,3.317,
71d42a07-d88f-431a-a653-601010cf1921,781,b5afd4f942ef8b1d,low_vol_regime_breakout_anticipation,volatility_regime,atr_14;close;realized_vol_24h;return_24h;rsi_14;sma_50;volume_zscore_24h;zscore_48,ok,ok,-1.811898,-0.295008,0.660870,778,0.476864,4,3.360,
71d42a07-d88f-431a-a653-601010cf1921,782,76d87528c942a278,volume_divergence_breakout_confirmation,volume_divergence,close;ema_12;macd_hist;return_1h;return_24h;rsi_14;sma_20;volume_zscore_24h,ok,ok,-1.735746,-0.113596,0.344917,167,0.443114,4,3.283,
71d42a07-d88f-431a-a653-601010cf1921,783,a84c30d21c88e5f7,weekend_pre_close_momentum_fade,calendar_effect,close;day_of_week;ema_12;hour_of_day;macd_hist;return_1h;return_24h;rsi_14,ok,ok,-0.686329,-0.032843,0.138695,65,0.538462,4,3.254,
71d42a07-d88f-431a-a653-601010cf1921,784,a40a746a63973a77,macd_histogram_momentum_reversal_entry,momentum,close;ema_12;ema_26;macd_hist;return_1h;return_24h;rsi_14;sma_50;volume_zscore_24h,ok,ok,-1.846691,-0.141542,0.311998,81,0.518519,4,3.781,
71d42a07-d88f-431a-a653-601010cf1921,785,321f088d729ec899,bollinger_mean_reversion_oversold_bounce,mean_reversion,bb_upper_24_2;close;return_1h;return_24h;rsi_14;sma_24;volume_zscore_24h;zscore_48,ok,ok,1.138582,0.106996,0.204623,94,0.659574,4,3.411,
71d42a07-d88f-431a-a653-601010cf1921,786,e9a914bb5d9e52b4,low_volatility_breakout_confirmation,volatility_regime,atr_14;close;ema_12;realized_vol_24h;return_1h;return_24h;rsi_14;sma_20;sma_24;volume_zscore_24h,ok,ok,-0.118752,-0.036153,0.274880,127,0.559055,4,3.279,
71d42a07-d88f-431a-a653-601010cf1921,787,8b4a43ef6256c697,volume_divergence_momentum_breakout,volume_divergence,close;ema_12;ema_26;return_1h;return_24h;rsi_14;sma_20;volume_zscore_24h,ok,ok,-1.998422,-0.211175,0.493514,802,0.399002,4,3.374,
71d42a07-d88f-431a-a653-601010cf1921,788,c3aa41f453bb1436,weekend_volatility_compression_monday_breakout,calendar_effect,close;day_of_week;hour_of_day;realized_vol_24h;return_1h;return_24h;rsi_14;sma_20,ok,ok,-1.102114,-0.091182,0.286422,157,0.452229,4,3.321,
71d42a07-d88f-431a-a653-601010cf1921,789,42d42580c2f9b8cd,macd_histogram_reversal_momentum_continuation,momentum,close;ema_12;ema_26;macd_hist;return_1h;return_24h;rsi_14;sma_50;volume_zscore_24h,ok,ok,-2.997074,-0.337655,0.494121,816,0.424020,4,3.380,
71d42a07-d88f-431a-a653-601010cf1921,790,4df2932b29480515,oversold_bbands_compression_mean_reversion,mean_reversion,bb_upper_24_2;close;realized_vol_24h;return_1h;return_24h;rsi_14;sma_50;volume_zscore_24h;zscore_48,ok,ok,-0.046162,-0.028509,0.334241,110,0.618182,4,3.278,
71d42a07-d88f-431a-a653-601010cf1921,791,d0ee36754126a8de,vol_regime_shift_atr_expansion_momentum,volatility_regime,atr_14;close;macd_hist;realized_vol_24h;return_1h;return_24h;rsi_14;sma_50;zscore_48,ok,ok,-0.122809,-0.003970,0.037004,8,0.500000,4,3.242,
71d42a07-d88f-431a-a653-601010cf1921,792,ef1c7aa25ab2511a,volume_surge_price_stall_divergence_reversal,volume_divergence,close;ema_12;ema_26;macd_hist;return_1h;return_24h;rsi_14;sma_20;volume_zscore_24h,ok,ok,-3.250340,-0.349546,0.515979,904,0.424779,4,3.444,
71d42a07-d88f-431a-a653-601010cf1921,793,2b507f0d6c1bedfd,weekend_volatility_fade_sunday_evening_entry,calendar_effect,close;day_of_week;ema_12;ema_26;hour_of_day;macd_hist;realized_vol_24h;return_1h;return_24h;rsi_14;sma_20,ok,ok,-1.075973,-0.193839,0.630655,500,0.492000,4,3.371,
91ad68ed-6470-45a7-8735-171c39ff25c3,794,3e871b4f1f90e60b,momentum_rsi_breakout,momentum,macd_hist;rsi_14,ok,ok,-1.924086,-0.051896,0.116968,20,0.400000,4,3.171,
91ad68ed-6470-45a7-8735-171c39ff25c3,795,3ce888da86999656,bb_mean_reversion_oversold,mean_reversion,bb_upper_24_2;close;rsi_14;sma_24,ok,ok,0.000000,0.000000,0.000000,0,0.000000,4,3.133,
91ad68ed-6470-45a7-8735-171c39ff25c3,796,f992bd483547d7d9,volatility_breakout_regime_shift,volatility_regime,close;realized_vol_24h;return_24h;sma_20;sma_50;volume_zscore_24h,ok,ok,0.000000,0.000000,0.000000,0,0.000000,4,3.155,
91ad68ed-6470-45a7-8735-171c39ff25c3,797,3627d16d79ab89cd,volume_divergence_momentum_reversal,volume_divergence,return_24h;rsi_14;volume_zscore_24h,ok,ok,1.106207,0.120010,0.247555,71,0.690141,4,3.142,
91ad68ed-6470-45a7-8735-171c39ff25c3,798,3c837f432c5572fd,monday_effect_weekend_gap_continuation,calendar_effect,day_of_week;realized_vol_24h;return_24h,ok,ok,-0.934731,-0.072008,0.283852,201,0.457711,4,3.167,
91ad68ed-6470-45a7-8735-171c39ff25c3,799,f6be59813886fad5,macd_momentum_acceleration_breakout,momentum,close;ema_12;macd_hist;return_24h;rsi_14,ok,ok,0.563117,0.042365,0.170543,178,0.365169,4,3.195,
91ad68ed-6470-45a7-8735-171c39ff25c3,800,bebf93917529070c,bollinger_band_mean_reversion_oversold,mean_reversion,bb_upper_24_2;close;realized_vol_24h;return_24h;rsi_14;zscore_48,ok,ok,0.831164,0.071549,0.268433,97,0.690722,4,3.195,
91ad68ed-6470-45a7-8735-171c39ff25c3,801,766bc4e80570772e,volatility_regime_shift_low_to_high,volatility_regime,close;macd_hist;realized_vol_24h;return_168h;return_24h;sma_50,ok,ok,0.547840,0.006582,0.010239,5,0.800000,4,3.164,
91ad68ed-6470-45a7-8735-171c39ff25c3,802,40a02b460aaa6fdf,volume_divergence_momentum_surge,volume_divergence,close;macd_hist;return_24h;sma_20;volume_zscore_24h,ok,ok,-0.967237,-0.058011,0.263493,208,0.451923,4,3.187,
91ad68ed-6470-45a7-8735-171c39ff25c3,803,6cdb6f730bda14c6,weekend_effect_volatility_compression,calendar_effect,day_of_week;hour_of_day;realized_vol_24h;return_1h;return_24h,ok,ok,0.989702,0.075410,0.213176,36,0.583333,4,3.168,
91ad68ed-6470-45a7-8735-171c39ff25c3,804,1a8c8c81c64a3826,momentum_cascade_multi_timeframe,momentum,close;return_168h;return_1h;return_24h;sma_50,ok,ok,-0.619788,-0.033790,0.363401,285,0.491228,4,3.247,
91ad68ed-6470-45a7-8735-171c39ff25c3,805,2caef6dc1e22ac53,oversold_bounce_bb_rsi,mean_reversion,bb_upper_24_2;close;return_1h;return_24h;rsi_14;zscore_48,ok,ok,0.548255,0.026657,0.209433,123,0.666667,4,3.193,
91ad68ed-6470-45a7-8735-171c39ff25c3,806,d13a384ee7ae353a,vol_regime_breakout_atr_expansion,volatility_regime,atr_14;close;realized_vol_24h;return_1h;return_24h;sma_20,ok,ok,0.000000,0.000000,0.000000,0,0.000000,4,3.156,
91ad68ed-6470-45a7-8735-171c39ff25c3,807,a7fa640123a9b596,volume_divergence_weak_bounce,volume_divergence,close;return_1h;return_24h;rsi_14;sma_50;volume_zscore_24h,ok,ok,2.427101,0.070092,0.039255,13,0.769231,4,3.181,
91ad68ed-6470-45a7-8735-171c39ff25c3,808,aa2c834e3136c5bd,monday_morning_dip_buy,calendar_effect,day_of_week;hour_of_day;return_1h;return_24h;rsi_14,ok,ok,-0.279921,-0.033848,0.210828,23,0.608696,4,3.163,
91ad68ed-6470-45a7-8735-171c39ff25c3,809,e4b1602b2027f29e,macd_hist_momentum_flip_entry,momentum,close;macd_hist;return_1h;return_24h;rsi_14;sma_50,ok,ok,-0.319098,-0.015103,0.130872,114,0.377193,4,3.238,
91ad68ed-6470-45a7-8735-171c39ff25c3,810,d003349380985934,bb_lower_touch_reversion,mean_reversion,bb_upper_24_2;close;return_1h;return_24h;rsi_14;zscore_48,ok,ok,0.568827,0.022892,0.232184,123,0.658537,4,3.205,
91ad68ed-6470-45a7-8735-171c39ff25c3,811,66335cf03d9524cb,low_vol_breakout_ema_cross,volatility_regime,close;ema_12;ema_26;realized_vol_24h;return_1h;rsi_14;sma_50,ok,ok,-1.027925,-0.017107,0.179959,66,0.318182,4,3.200,
91ad68ed-6470-45a7-8735-171c39ff25c3,812,cf7288a9788fcc22,volume_surge_price_divergence,volume_divergence,close;return_1h;return_24h;rsi_14;sma_50;volume_zscore_24h,ok,ok,1.492888,0.016158,0.012009,7,0.714286,4,3.177,
91ad68ed-6470-45a7-8735-171c39ff25c3,813,d6440b079fa2dc10,monday_dip_buy,calendar_effect,day_of_week;hour_of_day;return_1h;return_24h,ok,ok,-0.459137,-0.041293,0.214404,37,0.567568,4,3.167,
91ad68ed-6470-45a7-8735-171c39ff25c3,814,30616807d3b340af,macd_momentum_rsi_filter,momentum,close;macd_hist;return_1h;rsi_14;sma_50,ok,ok,-0.598323,-0.032641,0.162458,157,0.382166,4,3.220,
91ad68ed-6470-45a7-8735-171c39ff25c3,815,6a5fa1bdc8a66d17,zscore_oversold_reversion,mean_reversion,return_1h;return_24h;rsi_14;zscore_48,ok,ok,0.727205,0.043361,0.242802,130,0.653846,4,3.186,
91ad68ed-6470-45a7-8735-171c39ff25c3,816,531414ca73861f0b,vol_regime_breakout_filtered,volatility_regime,bb_upper_24_2;close;realized_vol_24h;return_1h;rsi_14;sma_20;sma_24;volume_zscore_24h,ok,ok,0.000000,0.000000,0.000000,0,0.000000,4,3.191,
91ad68ed-6470-45a7-8735-171c39ff25c3,817,6d35764961ee25a0,volume_divergence_momentum,volume_divergence,close;ema_26;macd_hist;return_1h;rsi_14;volume_zscore_24h,ok,ok,-0.943864,-0.039514,0.168779,111,0.387387,4,3.203,
91ad68ed-6470-45a7-8735-171c39ff25c3,818,8305a7779af6abeb,monday_mean_reversion,calendar_effect,close;day_of_week;return_1h;return_24h;rsi_14;sma_20,ok,ok,-0.811185,-0.052416,0.187439,33,0.484848,4,3.187,
91ad68ed-6470-45a7-8735-171c39ff25c3,819,7240602b60cd7271,triple_ema_momentum_surge,momentum,ema_12;ema_26;macd_hist;return_1h;rsi_14;sma_50,ok,ok,0.645162,0.010367,0.084116,20,0.650000,4,3.234,
91ad68ed-6470-45a7-8735-171c39ff25c3,820,dbda8b0f2194cca8,bollinger_oversold_reversion,mean_reversion,bb_upper_24_2;close;macd_hist;return_1h;rsi_14;zscore_48,ok,ok,-0.617257,-0.071586,0.295333,111,0.558559,4,3.200,
91ad68ed-6470-45a7-8735-171c39ff25c3,821,d69bbbbf20be0049,volatility_compression_breakout,volatility_regime,atr_14;close;realized_vol_24h;return_1h;sma_24;zscore_48,ok,ok,0.430089,0.107877,0.543763,64,0.562500,4,3.209,
91ad68ed-6470-45a7-8735-171c39ff25c3,822,ababa6c5ca99ac12,volume_divergence_momentum_flip,volume_divergence,macd_hist;return_1h;return_24h;rsi_14;volume_zscore_24h,ok,ok,-0.646668,-0.033511,0.212811,64,0.375000,4,3.196,
91ad68ed-6470-45a7-8735-171c39ff25c3,823,b62eb320283bab41,monday_morning_dip_buy,calendar_effect,day_of_week;hour_of_day;return_1h;rsi_14,ok,ok,0.050715,-0.020137,0.159559,23,0.608696,4,3.171,
91ad68ed-6470-45a7-8735-171c39ff25c3,824,8aa9572becb87213,momentum_acceleration_breakout,momentum,ema_12;ema_26;macd_hist;return_1h;rsi_14,ok,ok,0.070682,0.006876,0.165557,113,0.548673,4,3.211,
91ad68ed-6470-45a7-8735-171c39ff25c3,825,ab3353ec223b166a,bb_mean_reversion_rsi_oversold,mean_reversion,bb_upper_24_2;close;return_1h;rsi_14;zscore_48,ok,ok,0.128783,-0.018644,0.236629,131,0.641221,4,3.209,
91ad68ed-6470-45a7-8735-171c39ff25c3,826,bbc27f88ac5c322d,low_vol_breakout_regime_shift,volatility_regime,close;realized_vol_24h;return_24h;rsi_14;sma_50,ok,ok,0.118742,-0.013949,0.420230,104,0.432692,4,3.194,
91ad68ed-6470-45a7-8735-171c39ff25c3,827,ee22b64e149c2256,volume_surge_breakout_confirmation,volume_divergence,close;return_24h;rsi_14;sma_50;volume_zscore_24h,ok,ok,-0.491141,-0.012890,0.102562,36,0.555556,4,3.193,
91ad68ed-6470-45a7-8735-171c39ff25c3,828,df3463e2707bcf57,monday_volatility_compression_entry,calendar_effect,close;day_of_week;realized_vol_24h;return_24h;rsi_14;sma_20,ok,ok,0.316802,0.031809,0.209437,48,0.479167,4,3.184,
91ad68ed-6470-45a7-8735-171c39ff25c3,829,5a86555dd4f62486,macd_momentum_reversal_capture,momentum,macd_hist;return_24h;rsi_14,ok,ok,0.662746,0.059545,0.368175,159,0.559748,4,3.227,
91ad68ed-6470-45a7-8735-171c39ff25c3,830,62fb33dd8c65cf78,bollinger_mean_reversion_oversold,mean_reversion,bb_upper_24_2;close;return_24h;rsi_14;sma_24;zscore_48,ok,ok,1.038705,0.110363,0.293955,90,0.666667,4,3.213,
91ad68ed-6470-45a7-8735-171c39ff25c3,831,055da4d1b646057d,volatility_expansion_momentum_entry,volatility_regime,macd_hist;realized_vol_24h;return_168h;return_24h;rsi_14,ok,ok,0.481708,0.004105,0.000738,1,1.000000,4,3.170,
91ad68ed-6470-45a7-8735-171c39ff25c3,832,261883321b11934b,volume_divergence_momentum_breakout,volume_divergence,ema_12;ema_26;macd_hist;return_168h;return_24h;rsi_14;volume_zscore_24h,ok,ok,0.096774,-0.012189,0.240015,108,0.500000,4,3.225,
91ad68ed-6470-45a7-8735-171c39ff25c3,833,d0a320bf43c1b42f,weekend_volatility_compression_entry,calendar_effect,day_of_week;macd_hist;realized_vol_24h;return_168h;return_24h;rsi_14,ok,ok,-0.885842,-0.063957,0.212609,98,0.316327,4,3.206,
91ad68ed-6470-45a7-8735-171c39ff25c3,834,87039a60a7dc604f,macd_histogram_acceleration_entry,momentum,ema_12;ema_26;macd_hist;return_168h;return_24h;rsi_14,ok,ok,-0.840333,-0.066083,0.261050,70,0.442857,4,3.228,
91ad68ed-6470-45a7-8735-171c39ff25c3,835,d082f7b59226d6fb,bollinger_mean_reversion_rsi_confirmation,mean_reversion,bb_upper_24_2;close;macd_hist;return_24h;rsi_14;sma_24;zscore_48,ok,ok,0.000000,0.000000,0.000000,0,0.000000,4,3.194,
91ad68ed-6470-45a7-8735-171c39ff25c3,836,d5c68699de36ab1f,volatility_expansion_reversal_entry,volatility_regime,close;macd_hist;realized_vol_24h;return_168h;return_1h;return_24h;rsi_14;sma_20,ok,ok,0.000000,0.000000,0.000000,0,0.000000,4,3.192,
91ad68ed-6470-45a7-8735-171c39ff25c3,837,57237d8cd259ed81,volume_divergence_momentum_fade,volume_divergence,macd_hist;return_1h;return_24h;rsi_14;volume_zscore_24h,ok,ok,0.508545,0.024297,0.309414,73,0.630137,4,3.195,
91ad68ed-6470-45a7-8735-171c39ff25c3,838,acb5aac77867be98,monday_volatility_expansion_long,calendar_effect,close;day_of_week;ema_12;ema_26;macd_hist;realized_vol_24h;return_168h;return_24h;rsi_14,ok,ok,0.000000,0.000000,0.000000,0,0.000000,4,3.223,
91ad68ed-6470-45a7-8735-171c39ff25c3,839,3efa16873b5cc863,macd_histogram_momentum_acceleration,momentum,close;ema_12;ema_26;macd_hist;return_1h;return_24h;rsi_14,ok,ok,-0.285818,-0.038905,0.248510,100,0.620000,4,3.216,
91ad68ed-6470-45a7-8735-171c39ff25c3,840,c852c687706bf0c7,bollinger_mean_reversion_oversold,mean_reversion,close;return_24h;rsi_14;sma_24;volume_zscore_24h;zscore_48,ok,ok,0.121369,0.042629,0.195808,76,0.618421,4,3.231,
91ad68ed-6470-45a7-8735-171c39ff25c3,841,3ea5beb0a87bfc05,volatility_regime_shift_breakout,volatility_regime,close;macd_hist;realized_vol_24h;return_24h;rsi_14;sma_50;volume_zscore_24h,ok,ok,-0.322781,-0.021040,0.203162,52,0.326923,4,3.214,
91ad68ed-6470-45a7-8735-171c39ff25c3,842,34f04aa1383c9146,volume_divergence_momentum_surge,volume_divergence,close;ema_12;ema_26;macd_hist;return_24h;rsi_14;volume_zscore_24h,ok,ok,-2.107780,-0.069673,0.122785,31,0.387097,4,3.223,
91ad68ed-6470-45a7-8735-171c39ff25c3,843,33c2f30c76b77cb2,weekend_effect_monday_reversal,calendar_effect,day_of_week;hour_of_day;macd_hist;return_168h;return_24h;rsi_14,ok,ok,-0.133607,-0.031664,0.191401,12,0.500000,4,3.200,
91ad68ed-6470-45a7-8735-171c39ff25c3,844,f9e3dc10c859c630,momentum_acceleration_macd_rsi_surge,momentum,close;ema_12;ema_26;macd_hist;return_24h;rsi_14;volume_zscore_24h,ok,ok,-2.393521,-0.194260,0.374987,90,0.411111,4,3.220,
91ad68ed-6470-45a7-8735-171c39ff25c3,845,419e877f51a86ce2,bollinger_bounce_oversold_reversion,mean_reversion,bb_upper_24_2;close;macd_hist;return_24h;rsi_14;sma_24;volume_zscore_24h;zscore_48,ok,ok,0.000000,0.000000,0.000000,0,0.000000,4,3.243,
91ad68ed-6470-45a7-8735-171c39ff25c3,846,4d44202ba852c66d,volatility_regime_shift_atr_expansion,volatility_regime,atr_14;close;ema_12;ema_26;macd_hist;realized_vol_24h;return_24h;rsi_14;sma_20;sma_24;volume_zscore_24h,ok,ok,0.000000,0.000000,0.000000,0,0.000000,4,3.229,
91ad68ed-6470-45a7-8735-171c39ff25c3,847,9f00b46cfa7484d2,volume_divergence_price_stall_reversal,volume_divergence,close;macd_hist;return_24h;rsi_14;sma_20;volume_zscore_24h;zscore_48,ok,ok,-1.800521,-0.132676,0.342800,475,0.383158,4,3.278,
91ad68ed-6470-45a7-8735-171c39ff25c3,848,8777fabd689536f4,monday_oversold_reversal_calendar,calendar_effect,close;day_of_week;macd_hist;realized_vol_24h;return_168h;return_24h;rsi_14;sma_50,ok,ok,0.519627,0.022821,0.051145,1,1.000000,4,3.215,
91ad68ed-6470-45a7-8735-171c39ff25c3,849,11db5685abaf1a30,momentum_acceleration_macd_hist_surge,momentum,close;ema_12;ema_26;macd_hist;return_24h;rsi_14;volume_zscore_24h,ok,ok,-1.263795,-0.051958,0.154461,62,0.370968,4,3.230,
91ad68ed-6470-45a7-8735-171c39ff25c3,850,0b76e0da2f95edc4,bb_squeeze_oversold_bounce,mean_reversion,atr_14;bb_upper_24_2;close;macd_hist;return_24h;rsi_14;sma_24;zscore_48,ok,ok,0.389626,0.013570,0.271001,112,0.660714,4,3.265,
91ad68ed-6470-45a7-8735-171c39ff25c3,851,0b1b09c3ea231654,vol_regime_shift_breakout,volatility_regime,close;macd_hist;realized_vol_24h;return_24h;rsi_14;sma_20;volume_zscore_24h,ok,ok,0.000000,0.000000,0.000000,0,0.000000,4,3.183,
91ad68ed-6470-45a7-8735-171c39ff25c3,852,bd7b4f15ed0825de,volume_divergence_reversal_entry,volume_divergence,close;macd_hist;return_24h;rsi_14;sma_24;volume_zscore_24h;zscore_48,ok,ok,0.035494,0.004927,0.083228,42,0.547619,4,3.211,
91ad68ed-6470-45a7-8735-171c39ff25c3,853,bc536567c61ad50f,monday_oversold_reversal,calendar_effect,close;day_of_week;macd_hist;return_24h;rsi_14;sma_50,ok,ok,0.550097,0.025898,0.189198,28,0.535714,4,3.208,
91ad68ed-6470-45a7-8735-171c39ff25c3,854,0702d6b79cc5f182,macd_momentum_continuation,momentum,close;ema_12;macd_hist;return_24h;rsi_14,ok,ok,-0.338916,-0.012640,0.136397,77,0.363636,4,3.192,
91ad68ed-6470-45a7-8735-171c39ff25c3,855,6c148bfc15d1a210,bb_squeeze_mean_reversion,mean_reversion,bb_upper_24_2;close;macd_hist;return_24h;rsi_14;sma_24;zscore_48,ok,ok,0.330299,0.008983,0.359815,116,0.612069,4,3.268,
91ad68ed-6470-45a7-8735-171c39ff25c3,856,0912590906883ea8,high_vol_regime_mean_reversion,volatility_regime,close;macd_hist;realized_vol_24h;return_24h;rsi_14;sma_24;zscore_48,ok,ok,0.000000,0.000000,0.000000,0,0.000000,4,3.198,
91ad68ed-6470-45a7-8735-171c39ff25c3,857,560d49dc6fd7e889,volume_surge_breakout_confirmation,volume_divergence,close;ema_12;macd_hist;return_24h;rsi_14;sma_20;volume_zscore_24h,ok,ok,-0.227090,0.010839,0.134355,12,0.583333,4,3.204,
91ad68ed-6470-45a7-8735-171c39ff25c3,858,ed5d3e7f1537257d,monday_dip_buy_reversal,calendar_effect,close;day_of_week;ema_12;macd_hist;return_24h;rsi_14;sma_20,ok,ok,-0.424706,-0.038014,0.177964,33,0.424242,4,3.211,
91ad68ed-6470-45a7-8735-171c39ff25c3,859,3a9a6ab7499e65fb,momentum_continuation_ema_crossover,momentum,ema_12;ema_26;macd_hist;return_24h;rsi_14,ok,ok,-0.975977,-0.084332,0.246177,36,0.388889,4,3.204,
91ad68ed-6470-45a7-8735-171c39ff25c3,860,50b74e5fe4001b2a,bollinger_squeeze_mean_reversion,mean_reversion,bb_upper_24_2;close;return_24h;rsi_14;sma_24;zscore_48,ok,ok,0.236074,0.007063,0.170238,331,0.495468,4,3.294,
91ad68ed-6470-45a7-8735-171c39ff25c3,861,62bdf5a324ede7d5,volatility_expansion_breakout,volatility_regime,close;realized_vol_24h;return_24h;rsi_14;sma_20,ok,ok,0.000000,0.000000,0.000000,0,0.000000,4,3.181,
91ad68ed-6470-45a7-8735-171c39ff25c3,862,aa017f94bb04a51b,volume_divergence_momentum_fade,volume_divergence,close;return_24h;rsi_14;sma_20;volume_zscore_24h,ok,ok,-0.757704,-0.041657,0.294431,63,0.317460,4,3.188,
91ad68ed-6470-45a7-8735-171c39ff25c3,863,b9f6d862fa4ec58e,monday_morning_volatility_fade,calendar_effect,day_of_week;hour_of_day;realized_vol_24h;return_1h;return_24h;rsi_14,ok,ok,0.000000,0.000000,0.000000,0,0.000000,4,3.194,
91ad68ed-6470-45a7-8735-171c39ff25c3,864,17038358a913df9d,macd_histogram_momentum_reversal,momentum,macd_hist;return_24h;rsi_14,ok,ok,1.439535,0.098824,0.152832,45,0.644444,4,3.184,
91ad68ed-6470-45a7-8735-171c39ff25c3,865,e532b547e491d01c,bollinger_squeeze_rsi_reversion,mean_reversion,close;return_24h;rsi_14;sma_20;sma_50;zscore_48,ok,ok,-0.251905,-0.026215,0.259840,235,0.476596,4,3.254,
91ad68ed-6470-45a7-8735-171c39ff25c3,866,10f9c2572449e63d,low_vol_breakout_macd_confirmation,volatility_regime,close;macd_hist;realized_vol_24h;return_24h;rsi_14;sma_20,ok,ok,-1.819526,-0.145612,0.415054,104,0.490385,4,3.244,
91ad68ed-6470-45a7-8735-171c39ff25c3,867,968dba5438f4523a,volume_divergence_momentum_fade,volume_divergence,macd_hist;return_24h;rsi_14;volume_zscore_24h,ok,ok,-0.416419,-0.026865,0.413778,74,0.527027,4,3.202,
91ad68ed-6470-45a7-8735-171c39ff25c3,868,0425c45e6e6ce295,monday_dip_buying,calendar_effect,close;day_of_week;return_24h;rsi_14;sma_20,ok,ok,-0.775685,-0.046697,0.217156,117,0.401709,4,3.214,
91ad68ed-6470-45a7-8735-171c39ff25c3,869,e1c760a4f784faec,momentum_exhaustion_rsi_reversal,momentum,close;macd_hist;return_24h;rsi_14;sma_50,ok,ok,2.695335,0.050210,0.052837,10,0.900000,4,3.194,
91ad68ed-6470-45a7-8735-171c39ff25c3,870,a39b60398e91509f,bollinger_squeeze_reversal,mean_reversion,bb_upper_24_2;close;realized_vol_24h;return_24h;rsi_14;zscore_48,ok,ok,-0.372625,-0.003102,0.030467,5,0.200000,4,3.198,
91ad68ed-6470-45a7-8735-171c39ff25c3,871,ff9ea6024861334c,volatility_compression_breakout,volatility_regime,close;macd_hist;realized_vol_24h;return_24h;rsi_14;sma_50,ok,ok,-0.464036,-0.076799,0.335775,94,0.329787,4,3.262,
91ad68ed-6470-45a7-8735-171c39ff25c3,872,96b9db47c6444cd5,volume_divergence_momentum_thrust,volume_divergence,macd_hist;return_24h;rsi_14;volume_zscore_24h,ok,ok,-2.292307,-0.109225,0.323108,114,0.385965,4,3.199,
91ad68ed-6470-45a7-8735-171c39ff25c3,873,8a2a8f73f71a835e,monday_dip_buy_calendar_effect,calendar_effect,day_of_week;return_1h;return_24h;rsi_14,ok,ok,1.593688,0.178460,0.165963,30,0.533333,4,3.187,
91ad68ed-6470-45a7-8735-171c39ff25c3,874,77e9c62488363b71,momentum_continuation_after_pullback,momentum,close;ema_26;macd_hist;return_168h;return_24h;rsi_14,ok,ok,-0.548955,0.001448,0.211621,96,0.250000,4,3.220,
91ad68ed-6470-45a7-8735-171c39ff25c3,875,dd14f0825549e633,bollinger_squeeze_mean_reversion,mean_reversion,atr_14;bb_upper_24_2;close;realized_vol_24h;return_24h;rsi_14;zscore_48,ok,ok,0.000000,0.000000,0.000000,0,0.000000,4,3.209,
91ad68ed-6470-45a7-8735-171c39ff25c3,876,459b24ba5f722b93,volatility_expansion_breakout,volatility_regime,atr_14;macd_hist;realized_vol_24h;return_24h;rsi_14,ok,ok,0.000000,0.000000,0.000000,0,0.000000,4,3.227,
91ad68ed-6470-45a7-8735-171c39ff25c3,877,80090ebc32886a11,volume_surge_breakout_confirm,volume_divergence,close;macd_hist;return_24h;rsi_14;sma_50;volume_zscore_24h,ok,ok,-0.993998,-0.034927,0.253005,23,0.391304,4,3.202,
91ad68ed-6470-45a7-8735-171c39ff25c3,878,406d4f4dfb4d46de,monday_morning_reversal,calendar_effect,day_of_week;hour_of_day;return_168h;return_24h;rsi_14,ok,ok,0.719681,0.009875,0.062394,11,0.545455,4,3.194,
91ad68ed-6470-45a7-8735-171c39ff25c3,879,e6190e0b2f80f964,rsi_momentum_continuation,momentum,macd_hist;return_24h;rsi_14,ok,ok,-0.696654,-0.000194,0.226983,88,0.465909,4,3.192,
91ad68ed-6470-45a7-8735-171c39ff25c3,880,d6840ce3ae469506,bb_overshoot_mean_revert,mean_reversion,bb_upper_24_2;close;realized_vol_24h;return_1h;return_24h;rsi_14;sma_24;zscore_48,ok,ok,0.000000,0.000000,0.000000,0,0.000000,4,3.201,
91ad68ed-6470-45a7-8735-171c39ff25c3,881,5e1c3116adc77e00,vol_regime_shift_breakout,volatility_regime,macd_hist;realized_vol_24h;return_1h;return_24h;zscore_48,ok,ok,0.000000,0.000000,0.000000,0,0.000000,4,3.228,
91ad68ed-6470-45a7-8735-171c39ff25c3,882,617dfc741e3faff4,volume_surge_price_lag,volume_divergence,macd_hist;return_1h;return_24h;rsi_14;volume_zscore_24h,ok,ok,0.457653,0.010009,0.022881,9,0.555556,4,3.188,
91ad68ed-6470-45a7-8735-171c39ff25c3,883,3b013ac903ab047b,monday_dip_buy_momentum,calendar_effect,close;day_of_week;macd_hist;return_168h;return_1h;return_24h;sma_20;sma_50,ok,ok,-0.011203,0.001707,0.170795,10,0.400000,4,3.211,
91ad68ed-6470-45a7-8735-171c39ff25c3,884,3f2cfdc8a643089b,macd_cross_vol_filter,momentum,macd_hist;realized_vol_24h;return_1h;return_24h;rsi_14,ok,ok,-0.023003,-0.010364,0.217769,120,0.416667,4,3.215,
91ad68ed-6470-45a7-8735-171c39ff25c3,885,4e6f2647c3cfb5d1,oversold_bb_reversion_vol,mean_reversion,bb_upper_24_2;close;realized_vol_24h;return_1h;return_24h;rsi_14;sma_24,ok,ok,0.000000,0.000000,0.000000,0,0.000000,4,3.195,
91ad68ed-6470-45a7-8735-171c39ff25c3,886,f98553b019966884,vol_breakout_ema_cross,volatility_regime,ema_12;ema_26;realized_vol_24h;return_24h;rsi_14,ok,ok,0.000000,0.000000,0.000000,0,0.000000,4,3.223,
91ad68ed-6470-45a7-8735-171c39ff25c3,887,632c6025cbf27a7c,volume_divergence_oversold,volume_divergence,realized_vol_24h;return_1h;return_24h;rsi_14;volume_zscore_24h,ok,ok,0.000000,0.000000,0.000000,0,0.000000,4,3.772,
91ad68ed-6470-45a7-8735-171c39ff25c3,888,31b20ad8ed4ca88d,weekend_volatility_fade,calendar_effect,day_of_week;realized_vol_24h;return_1h;return_24h;rsi_14,ok,ok,0.000000,0.000000,0.000000,0,0.000000,4,3.511,
91ad68ed-6470-45a7-8735-171c39ff25c3,889,2ac78267ec123455,momentum_macd_vol_surge,momentum,macd_hist;realized_vol_24h;return_1h;return_24h;rsi_14,ok,ok,0.000000,0.000000,0.000000,0,0.000000,4,3.459,
91ad68ed-6470-45a7-8735-171c39ff25c3,890,8d578043b696014d,bollinger_reversal_oversold,mean_reversion,bb_upper_24_2;close;return_24h;rsi_14;zscore_48,ok,ok,0.936502,0.072243,0.253325,99,0.686869,4,3.745,
91ad68ed-6470-45a7-8735-171c39ff25c3,891,f52fc10f391b83be,vol_regime_shift_breakout,volatility_regime,close;macd_hist;realized_vol_24h;return_168h;return_24h;sma_50,ok,ok,0.316003,0.016427,0.246026,50,0.520000,4,3.524,
91ad68ed-6470-45a7-8735-171c39ff25c3,892,12df0debfd920b89,volume_divergence_momentum_entry,volume_divergence,macd_hist;return_24h;rsi_14;volume_zscore_24h,ok,ok,-0.662876,-0.032368,0.176777,38,0.447368,4,3.509,
91ad68ed-6470-45a7-8735-171c39ff25c3,893,e0be55082f2a15bf,monday_opening_gap_fade,calendar_effect,day_of_week;hour_of_day;macd_hist;return_24h;rsi_14,ok,ok,-0.982727,-0.055646,0.150521,9,0.333333,4,3.752,
91ad68ed-6470-45a7-8735-171c39ff25c3,894,8b2e7975f68a0a37,macd_hist_acceleration_reversal,momentum,close;macd_hist;return_24h;rsi_14;sma_50,ok,ok,1.598134,0.038418,0.033628,8,0.625000,4,3.437,
91ad68ed-6470-45a7-8735-171c39ff25c3,895,68a0dc1ffe611f7c,oversold_bollinger_mean_reversion,mean_reversion,bb_upper_24_2;close;return_24h;rsi_14;sma_24;zscore_48,ok,ok,1.229293,0.136285,0.257247,101,0.673267,4,3.520,
91ad68ed-6470-45a7-8735-171c39ff25c3,896,0cc78aae7954f3e4,low_vol_regime_breakout,volatility_regime,close;macd_hist;realized_vol_24h;return_24h;rsi_14;sma_20,ok,ok,0.760387,0.054290,0.342918,107,0.560748,4,3.230,
91ad68ed-6470-45a7-8735-171c39ff25c3,897,2020f3090cc61dea,volume_surge_momentum_confirmation,volume_divergence,close;ema_12;macd_hist;return_24h;rsi_14;volume_zscore_24h,ok,ok,-2.375147,-0.099164,0.176430,18,0.277778,4,3.246,
91ad68ed-6470-45a7-8735-171c39ff25c3,898,52b04f27b7ee565b,monday_open_dip_buying,calendar_effect,day_of_week;hour_of_day;macd_hist;return_168h;return_1h;return_24h;rsi_14,ok,ok,-0.325956,-0.012416,0.083417,6,0.333333,4,3.213,
91ad68ed-6470-45a7-8735-171c39ff25c3,899,001fcc4689136b6a,macd_histogram_acceleration_entry,momentum,close;ema_26;macd_hist;return_24h;rsi_14,ok,ok,-1.259999,-0.080747,0.184612,144,0.284722,4,3.226,
91ad68ed-6470-45a7-8735-171c39ff25c3,900,0bab0360a1e846e4,bollinger_mean_reversion_oversold,mean_reversion,bb_upper_24_2;close;macd_hist;return_1h;return_24h;rsi_14;sma_24;zscore_48,ok,ok,1.458595,0.137867,0.236846,115,0.678261,4,3.246,
91ad68ed-6470-45a7-8735-171c39ff25c3,901,73bf5d45f9c98f68,volatility_regime_shift_breakout,volatility_regime,atr_14;close;realized_vol_24h;return_24h;rsi_14;sma_20;volume_zscore_24h,ok,ok,-0.485468,-0.065964,0.410067,82,0.414634,4,3.234,
91ad68ed-6470-45a7-8735-171c39ff25c3,902,1fc36474db9dc0bf,volume_divergence_momentum_confluence,volume_divergence,close;ema_12;macd_hist;return_24h;rsi_14;volume_zscore_24h,ok,ok,-2.113332,-0.101174,0.193878,30,0.333333,4,3.249,
91ad68ed-6470-45a7-8735-171c39ff25c3,903,fd10286997d7cb6e,weekday_momentum_continuation,calendar_effect,close;day_of_week;ema_12;macd_hist;return_1h;return_24h;rsi_14,ok,ok,0.608697,0.059415,0.289763,84,0.440476,4,3.243,
91ad68ed-6470-45a7-8735-171c39ff25c3,904,440c34ed0eb6ff63,momentum_cascade_multiframe,momentum,macd_hist;return_168h;return_1h;return_24h;rsi_14,ok,ok,0.436359,0.053867,0.172379,143,0.342657,4,3.232,
91ad68ed-6470-45a7-8735-171c39ff25c3,905,d9bd70e5a909e936,oversold_bounce_bb_atr_confluence,mean_reversion,atr_14;bb_upper_24_2;close;macd_hist;return_1h;return_24h;rsi_14;sma_20;sma_24,ok,ok,0.000000,0.000000,0.000000,0,0.000000,4,3.224,
91ad68ed-6470-45a7-8735-171c39ff25c3,906,0c66d0e0f3bfdefa,volatility_expansion_breakout_regime,volatility_regime,atr_14;close;ema_12;ema_26;macd_hist;realized_vol_24h;return_1h;return_24h;rsi_14;sma_20;sma_24,ok,ok,0.000000,0.000000,0.000000,0,0.000000,4,3.265,
91ad68ed-6470-45a7-8735-171c39ff25c3,907,67ab00b8e155f1d0,volume_divergence_reversal_signal,volume_divergence,macd_hist;return_1h;return_24h;rsi_14;volume_zscore_24h,ok,ok,-0.089399,-0.033051,0.274460,174,0.488506,4,3.271,
91ad68ed-6470-45a7-8735-171c39ff25c3,908,7b8fc74430533863,monday_weakness_mean_revert,calendar_effect,close;day_of_week;return_1h;return_24h;rsi_14;sma_50,ok,ok,-1.922299,-0.149735,0.347443,47,0.404255,4,3.236,
91ad68ed-6470-45a7-8735-171c39ff25c3,909,27a8233b0410afb6,macd_momentum_continuation_thrust,momentum,macd_hist;return_1h;return_24h;rsi_14,ok,ok,-0.030692,-0.003582,0.360772,69,0.391304,4,3.214,
91ad68ed-6470-45a7-8735-171c39ff25c3,910,ea889a84c8ff56b7,bb_oversold_intraday_snap,mean_reversion,bb_upper_24_2;close;hour_of_day;realized_vol_24h;return_1h;return_24h;rsi_14;sma_24,ok,ok,0.000000,0.000000,0.000000,0,0.000000,4,3.224,
91ad68ed-6470-45a7-8735-171c39ff25c3,911,83dceedb0f922510,vol_regime_shift_atr_breakout,volatility_regime,atr_14;close;realized_vol_24h;return_168h;return_1h;return_24h;rsi_14;sma_20;volume_zscore_24h,ok,ok,0.000000,0.000000,0.000000,0,0.000000,4,3.226,
91ad68ed-6470-45a7-8735-171c39ff25c3,912,d36a898f52f25a99,volume_divergence_reversal_120,volume_divergence,close;return_1h;return_24h;rsi_14;sma_50;volume_zscore_24h,ok,ok,1.238033,0.010067,0.009232,4,1.000000,4,3.254,
91ad68ed-6470-45a7-8735-171c39ff25c3,913,0755b8ac0fd6602d,monday_momentum_fade_120,calendar_effect,close;day_of_week;return_168h;return_1h;return_24h;rsi_14;sma_50,ok,ok,0.218315,0.002714,0.020125,1,1.000000,4,3.226,
91ad68ed-6470-45a7-8735-171c39ff25c3,914,dcb9fcc401a3de34,macd_momentum_vol_confirm_121,momentum,close;macd_hist;return_1h;return_24h;rsi_14;sma_50;volume_zscore_24h,ok,ok,-0.545567,-0.050261,0.253416,57,0.561404,4,3.233,
91ad68ed-6470-45a7-8735-171c39ff25c3,915,bd134bf7019c9b9a,bb_reversion_oversold_122,mean_reversion,bb_upper_24_2;close;realized_vol_24h;return_1h;return_24h;rsi_14;zscore_48,ok,ok,0.781692,0.082249,0.166017,14,0.571429,4,3.214,
91ad68ed-6470-45a7-8735-171c39ff25c3,916,3547223a8d8a9ad5,vol_regime_breakout_123,volatility_regime,close;macd_hist;realized_vol_24h;return_1h;return_24h;rsi_14;sma_20,ok,ok,0.012827,-0.005796,0.278240,18,0.555556,4,3.237,
91ad68ed-6470-45a7-8735-171c39ff25c3,917,3bcf812fc1817f0c,vol_divergence_momentum_124,volume_divergence,close;macd_hist;return_1h;return_24h;rsi_14;sma_20;volume_zscore_24h,ok,ok,0.924206,0.023194,0.057244,5,0.800000,4,3.211,
91ad68ed-6470-45a7-8735-171c39ff25c3,918,782e2bd72c4f2174,weekend_effect_reversal_125,calendar_effect,close;day_of_week;realized_vol_24h;return_1h;return_24h;rsi_14;sma_24,ok,ok,0.521692,0.019482,0.120345,8,0.500000,4,3.269,
91ad68ed-6470-45a7-8735-171c39ff25c3,919,fb31400e06d16033,macd_momentum_continuation_126,momentum,close;ema_12;macd_hist;return_1h;return_24h;rsi_14,ok,ok,1.081407,0.111388,0.246569,170,0.382353,4,3.244,
91ad68ed-6470-45a7-8735-171c39ff25c3,920,2c4b003b36eea1ed,bb_reversal_vol_spike_127,mean_reversion,bb_upper_24_2;close;realized_vol_24h;return_1h;return_24h;rsi_14;sma_24;zscore_48,ok,ok,0.000000,0.000000,0.000000,0,0.000000,4,3.219,
91ad68ed-6470-45a7-8735-171c39ff25c3,921,76e53eb2e3c53ff9,vol_regime_shift_entry_128,volatility_regime,close;macd_hist;realized_vol_24h;return_1h;return_24h;rsi_14;sma_50,ok,ok,-2.619418,-0.288484,0.528864,847,0.404959,4,3.346,
91ad68ed-6470-45a7-8735-171c39ff25c3,922,3d7cac1248cc788a,volume_divergence_reversal_129,volume_divergence,close;realized_vol_24h;return_1h;return_24h;rsi_14;sma_50;volume_zscore_24h,ok,ok,1.003373,0.017286,0.011861,2,1.000000,4,3.222,
91ad68ed-6470-45a7-8735-171c39ff25c3,923,3a1e791de56cb98f,weekend_dip_buying_130,calendar_effect,close;day_of_week;hour_of_day;realized_vol_24h;return_1h;return_24h;rsi_14;sma_20,ok,ok,1.431768,0.115381,0.197167,45,0.644444,4,3.275,
91ad68ed-6470-45a7-8735-171c39ff25c3,924,98b8039a909fdef5,macd_momentum_surge_131,momentum,close;macd_hist;realized_vol_24h;return_1h;return_24h;rsi_14;sma_50,ok,ok,-0.903455,-0.122474,0.358755,76,0.578947,4,3.246,
91ad68ed-6470-45a7-8735-171c39ff25c3,925,6104109172c4d00f,bollinger_bounce_mean_reversion_132,mean_reversion,bb_upper_24_2;close;realized_vol_24h;return_1h;return_24h;rsi_14;sma_24;zscore_48,ok,ok,0.230118,-0.017109,0.346207,93,0.634409,4,3.251,
91ad68ed-6470-45a7-8735-171c39ff25c3,926,6c3064bedd1458cb,volatility_expansion_breakout_133,volatility_regime,close;ema_12;macd_hist;realized_vol_24h;return_1h;return_24h;rsi_14,ok,ok,1.852594,0.046730,0.031222,3,1.000000,4,3.216,
91ad68ed-6470-45a7-8735-171c39ff25c3,927,b6b0e9b0646fc630,volume_divergence_momentum_134,volume_divergence,close;ema_26;macd_hist;return_1h;return_24h;rsi_14;volume_zscore_24h,ok,ok,-1.372795,-0.084664,0.217771,30,0.500000,4,3.221,
91ad68ed-6470-45a7-8735-171c39ff25c3,928,f914fdc36fa93f07,weekday_momentum_calendar_135,calendar_effect,close;day_of_week;ema_12;macd_hist;return_1h;return_24h;rsi_14,ok,ok,0.319060,0.039803,0.184018,85,0.458824,4,3.280,
91ad68ed-6470-45a7-8735-171c39ff25c3,929,d949e7d0f209d8aa,rsi_momentum_asymmetry_136,momentum,close;ema_26;macd_hist;return_1h;return_24h;rsi_14,ok,ok,-1.366654,-0.113699,0.385247,191,0.397906,4,3.247,
91ad68ed-6470-45a7-8735-171c39ff25c3,930,96d7b440f7f426a1,bollinger_mean_reversion_137,mean_reversion,close;macd_hist;return_1h;return_24h;rsi_14;sma_24;zscore_48,ok,ok,-0.152175,-0.029719,0.288430,105,0.619048,4,3.239,
91ad68ed-6470-45a7-8735-171c39ff25c3,931,b55e76c536587e90,low_vol_breakout_138,volatility_regime,close;macd_hist;realized_vol_24h;return_1h;return_24h;rsi_14;sma_20,ok,ok,0.197688,0.009469,0.293231,79,0.481013,4,3.238,
91ad68ed-6470-45a7-8735-171c39ff25c3,932,0419a2402195099c,volume_divergence_momentum_139,volume_divergence,close;macd_hist;return_1h;return_24h;rsi_14;sma_50;volume_zscore_24h,ok,ok,-1.423467,-0.053135,0.150113,21,0.238095,4,3.222,
91ad68ed-6470-45a7-8735-171c39ff25c3,933,334becc9892f27aa,monday_oversold_rebound_140,calendar_effect,day_of_week;hour_of_day;macd_hist;return_1h;return_24h;rsi_14,ok,ok,-0.437427,-0.033115,0.173791,25,0.440000,4,3.267,
91ad68ed-6470-45a7-8735-171c39ff25c3,934,7fe96ef9a894af91,momentum_continuation_141,momentum,close;ema_12;macd_hist;return_1h;return_24h;rsi_14,ok,ok,-0.911583,-0.056409,0.230109,46,0.500000,4,3.218,
91ad68ed-6470-45a7-8735-171c39ff25c3,935,bb7f10b9fc0c312b,oversold_bb_reversion_142,mean_reversion,bb_upper_24_2;close;macd_hist;return_1h;return_24h;rsi_14;zscore_48,ok,ok,-0.086879,-0.057178,0.328321,89,0.606742,4,3.255,
91ad68ed-6470-45a7-8735-171c39ff25c3,936,01df46df1d92660d,low_vol_momentum_143,volatility_regime,atr_14;macd_hist;realized_vol_24h;return_1h;return_24h;rsi_14;zscore_48,ok,ok,-0.368769,-0.015084,0.104004,2,0.500000,4,3.219,
91ad68ed-6470-45a7-8735-171c39ff25c3,937,4a3a8fd15c4e1828,volume_divergence_144,volume_divergence,return_1h;return_24h;rsi_14;volume_zscore_24h,ok,ok,-2.034771,-0.124222,0.284134,106,0.405660,4,3.211,
91ad68ed-6470-45a7-8735-171c39ff25c3,938,c93cae63b1ce6c1c,weekend_mean_reversion_145,calendar_effect,close;day_of_week;return_1h;return_24h;rsi_14;sma_20,ok,ok,0.833072,0.038098,0.193485,50,0.640000,4,3.270,
91ad68ed-6470-45a7-8735-171c39ff25c3,939,54a0449e23b1299a,macd_momentum_breakout_146,momentum,close;ema_12;macd_hist;return_1h;return_24h;rsi_14;sma_50,ok,ok,-0.701375,-0.087341,0.366071,50,0.560000,4,3.256,
91ad68ed-6470-45a7-8735-171c39ff25c3,940,242a375b3c252ea7,bollinger_mean_reversion_147,mean_reversion,bb_upper_24_2;close;return_1h;return_24h;rsi_14;sma_24;zscore_48,ok,ok,0.695169,0.031371,0.255815,119,0.588235,4,3.247,
91ad68ed-6470-45a7-8735-171c39ff25c3,941,0fcc28deb2bf430a,volatility_regime_shift_148,volatility_regime,atr_14;close;ema_26;realized_vol_24h;return_1h;return_24h;rsi_14,ok,ok,-0.201644,-0.089828,0.496878,390,0.520513,4,3.316,
91ad68ed-6470-45a7-8735-171c39ff25c3,942,6f0ef44df2382c83,volume_divergence_momentum_149,volume_divergence,close;ema_26;macd_hist;return_1h;return_24h;rsi_14;volume_zscore_24h,ok,ok,-2.204676,-0.140774,0.280368,99,0.343434,4,3.253,
91ad68ed-6470-45a7-8735-171c39ff25c3,943,ac6b6ee445af06d2,weekend_mean_reversion_150,calendar_effect,close;day_of_week;return_1h;return_24h;rsi_14;sma_20,ok,ok,1.260951,0.074387,0.175140,56,0.535714,4,3.266,
91ad68ed-6470-45a7-8735-171c39ff25c3,944,79c14cc6d4302f0c,macd_histogram_acceleration_151,momentum,close;macd_hist;return_1h;return_24h;rsi_14;sma_50,ok,ok,-1.267771,-0.097846,0.352776,99,0.424242,4,3.240,
91ad68ed-6470-45a7-8735-171c39ff25c3,945,a0161eaaeaba3d24,bollinger_mean_reversion_152,mean_reversion,bb_upper_24_2;close;realized_vol_24h;return_1h;return_24h;rsi_14;sma_24;zscore_48,ok,ok,0.093405,0.002680,0.041205,1,1.000000,4,3.223,
91ad68ed-6470-45a7-8735-171c39ff25c3,946,d0be91103676e5b7,volatility_regime_shift_153,volatility_regime,atr_14;realized_vol_24h;return_168h;return_1h;return_24h;rsi_14;zscore_48,ok,ok,0.000000,0.000000,0.000000,0,0.000000,4,3.208,
91ad68ed-6470-45a7-8735-171c39ff25c3,947,ca6bd70efdff4db1,volume_divergence_breakout_154,volume_divergence,close;ema_26;macd_hist;return_1h;return_24h;rsi_14;volume_zscore_24h,ok,ok,-1.106836,-0.062093,0.317688,44,0.363636,4,3.243,
91ad68ed-6470-45a7-8735-171c39ff25c3,948,d49b5981d966b4d6,monday_morning_dip_155,calendar_effect,day_of_week;hour_of_day;return_1h;return_24h;rsi_14,ok,ok,0.023087,-0.002311,0.117523,14,0.571429,4,3.267,
91ad68ed-6470-45a7-8735-171c39ff25c3,949,3a492ffdaf917368,macd_momentum_reversal_156,momentum,close;macd_hist;return_1h;return_24h;rsi_14;sma_20,ok,ok,0.649738,0.068842,0.192272,85,0.470588,4,3.224,
91ad68ed-6470-45a7-8735-171c39ff25c3,950,3a7e34634b5a42a7,bollinger_squeeze_reversion_157,mean_reversion,bb_upper_24_2;close;realized_vol_24h;return_1h;return_24h;rsi_14;sma_24;zscore_48,ok,ok,0.000000,0.000000,0.000000,0,0.000000,4,3.227,
91ad68ed-6470-45a7-8735-171c39ff25c3,951,581159f82ea93084,vol_expansion_breakout_158,volatility_regime,close;realized_vol_24h;return_1h;return_24h;rsi_14;sma_50,ok,ok,0.000000,0.000000,0.000000,0,0.000000,4,3.210,
91ad68ed-6470-45a7-8735-171c39ff25c3,952,725d15d51b83b7b0,volume_divergence_breakout_159,volume_divergence,close;macd_hist;return_1h;return_24h;rsi_14;sma_24;volume_zscore_24h,ok,ok,-0.354582,-0.034665,0.195012,18,0.500000,4,3.217,
91ad68ed-6470-45a7-8735-171c39ff25c3,953,a88a41b2b5c9e2fd,weekend_vol_fade_160,calendar_effect,day_of_week;realized_vol_24h;return_1h;return_24h;rsi_14;zscore_48,ok,ok,0.000000,0.000000,0.000000,0,0.000000,4,3.278,
91ad68ed-6470-45a7-8735-171c39ff25c3,954,ebd1b4040d52651d,macd_momentum_surge_161,momentum,close;macd_hist;return_1h;return_24h;rsi_14;sma_20,ok,ok,-1.445973,-0.138192,0.417665,104,0.461538,4,3.239,
91ad68ed-6470-45a7-8735-171c39ff25c3,955,a0f42c07ece53132,bb_overshoot_reversion_162,mean_reversion,bb_upper_24_2;close;realized_vol_24h;return_1h;return_24h;rsi_14;sma_24;zscore_48,ok,ok,0.028564,-0.018854,0.284303,136,0.426471,4,3.253,
91ad68ed-6470-45a7-8735-171c39ff25c3,956,442ad64346fc8587,vol_regime_breakout_163,volatility_regime,close;macd_hist;realized_vol_24h;return_1h;return_24h;rsi_14;sma_50,ok,ok,0.000000,0.000000,0.000000,0,0.000000,4,3.208,
91ad68ed-6470-45a7-8735-171c39ff25c3,957,fbae80b1d6437767,volume_divergence_momentum_164,volume_divergence,close;return_1h;return_24h;rsi_14;sma_20;volume_zscore_24h,ok,ok,-0.838457,-0.050923,0.318728,89,0.404494,4,3.233,
91ad68ed-6470-45a7-8735-171c39ff25c3,958,e6b28646a069dca3,monday_mean_reversion_165,calendar_effect,close;day_of_week;hour_of_day;return_24h;rsi_14;sma_20;zscore_48,ok,ok,-0.233785,-0.039626,0.223310,30,0.433333,4,3.265,
91ad68ed-6470-45a7-8735-171c39ff25c3,959,cf50ac39c262aa15,macd_histogram_reversal_166,momentum,close;ema_26;macd_hist;return_1h;return_24h;rsi_14,ok,ok,-0.994592,-0.096970,0.281599,90,0.433333,4,3.249,
91ad68ed-6470-45a7-8735-171c39ff25c3,960,57c050da6f98c5cf,bollinger_squeeze_mean_reversion_167,mean_reversion,bb_upper_24_2;close;realized_vol_24h;return_1h;return_24h;rsi_14;sma_24;zscore_48,ok,ok,1.296283,0.121796,0.097633,19,0.631579,4,3.224,
91ad68ed-6470-45a7-8735-171c39ff25c3,961,c72229a8dc775d28,volatility_compression_breakout_168,volatility_regime,close;ema_12;realized_vol_24h;return_1h;return_24h;rsi_14,ok,ok,0.169919,0.064435,0.334919,113,0.389381,4,3.239,
91ad68ed-6470-45a7-8735-171c39ff25c3,962,e52edd272f1618be,volume_divergence_momentum_169,volume_divergence,return_1h;return_24h;rsi_14;volume_zscore_24h,ok,ok,-1.123138,-0.051869,0.164620,63,0.396825,4,3.220,
91ad68ed-6470-45a7-8735-171c39ff25c3,963,db101410cfb8e864,monday_oversold_reversal_170,calendar_effect,close;day_of_week;return_1h;return_24h;rsi_14;sma_50,ok,ok,-1.037355,-0.087786,0.310202,36,0.444444,4,3.213,
91ad68ed-6470-45a7-8735-171c39ff25c3,964,1c3ccc686275b7fd,macd_momentum_acceleration_171,momentum,macd_hist;return_1h;return_24h;rsi_14,ok,ok,-1.230558,-0.104321,0.325545,62,0.500000,4,3.255,
91ad68ed-6470-45a7-8735-171c39ff25c3,965,c3604abd720e4fc7,bb_oversold_mean_revert_172,mean_reversion,bb_upper_24_2;close;return_1h;return_24h;rsi_14;volume_zscore_24h;zscore_48,ok,ok,-0.479840,-0.064558,0.380657,73,0.561644,4,3.251,
91ad68ed-6470-45a7-8735-171c39ff25c3,966,6c4e2f59ad0b853e,vol_regime_shift_momentum_173,volatility_regime,close;macd_hist;realized_vol_24h;return_1h;return_24h;rsi_14;sma_20,ok,ok,-0.639109,-0.083209,0.396349,45,0.577778,4,3.237,
91ad68ed-6470-45a7-8735-171c39ff25c3,967,35dcfcfbee4cfafc,volume_divergence_momentum_174,volume_divergence,close;macd_hist;return_1h;return_24h;rsi_14;sma_50;volume_zscore_24h,ok,ok,1.549998,0.081108,0.163628,27,0.629630,4,3.236,
91ad68ed-6470-45a7-8735-171c39ff25c3,968,493d2f4df852fe98,monday_dip_buy_175,calendar_effect,close;day_of_week;hour_of_day;return_24h;rsi_14;sma_20,ok,ok,0.020429,-0.004193,0.191401,29,0.482759,4,3.229,
91ad68ed-6470-45a7-8735-171c39ff25c3,969,35c19ad23b9352eb,rsi_momentum_surge_176,momentum,close;ema_12;ema_26;macd_hist;return_24h;rsi_14,ok,ok,0.916037,0.070052,0.186241,121,0.388430,4,3.273,
91ad68ed-6470-45a7-8735-171c39ff25c3,970,cd1cdefbfa82fcda,bollinger_reversion_177,mean_reversion,bb_upper_24_2;close;macd_hist;return_24h;rsi_14;sma_24;zscore_48,ok,ok,0.498480,0.048875,0.186812,87,0.655172,4,3.241,
91ad68ed-6470-45a7-8735-171c39ff25c3,971,ac67631d1d8cf463,volatility_compression_breakout_178,volatility_regime,atr_14;close;macd_hist;realized_vol_24h;return_24h;rsi_14;sma_50,ok,ok,0.505323,0.097104,0.523870,111,0.360360,4,3.272,
91ad68ed-6470-45a7-8735-171c39ff25c3,972,21323a8b641e2a8a,volume_divergence_momentum_179,volume_divergence,close;macd_hist;return_24h;rsi_14;sma_20;volume_zscore_24h,ok,ok,-0.553708,-0.036575,0.265147,164,0.487805,4,3.242,
91ad68ed-6470-45a7-8735-171c39ff25c3,973,cac8595a3e5de7a6,monday_weekend_reversal_180,calendar_effect,close;day_of_week;macd_hist;return_24h;rsi_14;sma_20;sma_50;volume_zscore_24h,ok,ok,0.504374,0.008823,0.020125,1,1.000000,4,3.222,
91ad68ed-6470-45a7-8735-171c39ff25c3,974,7040cb27cd88ce89,momentum_exhaustion_reversal_181,momentum,close;macd_hist;return_24h;rsi_14;sma_20;volume_zscore_24h,ok,ok,-1.220267,-0.024698,0.080096,58,0.413793,4,3.275,
91ad68ed-6470-45a7-8735-171c39ff25c3,975,adc6f8ccc320c6e0,bb_bounce_oversold_mean_reversion_182,mean_reversion,bb_upper_24_2;close;macd_hist;return_24h;rsi_14;sma_24;volume_zscore_24h,ok,ok,1.783450,0.265934,0.281062,143,0.664336,4,3.249,
91ad68ed-6470-45a7-8735-171c39ff25c3,976,e8d5c462ef046d8c,volatility_regime_shift_breakout_183,volatility_regime,atr_14;close;ema_26;macd_hist;realized_vol_24h;return_24h;rsi_14;volume_zscore_24h;zscore_48,ok,ok,0.000000,0.000000,0.000000,0,0.000000,4,3.242,
91ad68ed-6470-45a7-8735-171c39ff25c3,977,fde55cf79ec66df4,volume_divergence_momentum_fade_184,volume_divergence,close;ema_12;macd_hist;return_24h;rsi_14;volume_zscore_24h,ok,ok,-1.991283,-0.061573,0.136587,30,0.200000,4,3.227,
91ad68ed-6470-45a7-8735-171c39ff25c3,978,2381f8d76ca677cf,monday_weakness_reversal_185,calendar_effect,close;day_of_week;macd_hist;return_24h;rsi_14;sma_20,ok,ok,-0.953975,-0.129867,0.342924,38,0.473684,4,3.232,
91ad68ed-6470-45a7-8735-171c39ff25c3,979,80ce7005c98b8c1a,momentum_exhaustion_rsi_divergence_186,momentum,close;ema_12;ema_26;macd_hist;return_24h;rsi_14,ok,ok,0.213104,-0.000816,0.023686,3,0.666667,4,3.264,
91ad68ed-6470-45a7-8735-171c39ff25c3,980,7e5220f604185214,bollinger_compression_breakout_fade_187,mean_reversion,bb_upper_24_2;close;macd_hist;realized_vol_24h;return_24h;rsi_14;sma_24,ok,ok,1.630314,0.123276,0.165521,93,0.451613,4,3.246,
91ad68ed-6470-45a7-8735-171c39ff25c3,981,37a747ad9434c134,volatility_expansion_momentum_entry_188,volatility_regime,close;ema_12;ema_26;macd_hist;realized_vol_24h;return_24h;rsi_14,ok,ok,-0.304687,-0.013676,0.128903,2,0.500000,4,3.248,
91ad68ed-6470-45a7-8735-171c39ff25c3,982,b5a470ad955d4ecf,volume_surge_momentum_divergence_189,volume_divergence,macd_hist;return_24h;rsi_14;volume_zscore_24h,ok,ok,0.000000,0.000000,0.000000,0,0.000000,4,3.190,
91ad68ed-6470-45a7-8735-171c39ff25c3,983,835bad5485388de2,monday_mean_reversion_calendar_190,calendar_effect,close;day_of_week;return_168h;return_24h;rsi_14;sma_20,ok,ok,-0.063047,-0.018434,0.197749,28,0.464286,4,3.218,
91ad68ed-6470-45a7-8735-171c39ff25c3,984,a4788fd3678ccdae,rsi_momentum_breakout_divergence_191,momentum,close;ema_12;ema_26;macd_hist;return_24h;rsi_14,ok,ok,0.144882,0.010295,0.235977,110,0.463636,4,3.252,
91ad68ed-6470-45a7-8735-171c39ff25c3,985,90cfcea7588f16bb,bb_oversold_mean_reversion_192,mean_reversion,bb_upper_24_2;close;realized_vol_24h;return_24h;rsi_14;zscore_48,ok,ok,-0.006332,-0.045195,0.340864,141,0.453901,4,3.291,
91ad68ed-6470-45a7-8735-171c39ff25c3,986,ca154eb49232eac6,vol_regime_breakout_compression_193,volatility_regime,close;realized_vol_24h;return_24h;rsi_14;sma_50,ok,ok,-0.630075,-0.083792,0.427230,65,0.430769,4,3.237,
91ad68ed-6470-45a7-8735-171c39ff25c3,987,60d3fd7e14d244eb,volume_divergence_momentum_194,volume_divergence,close;macd_hist;return_24h;rsi_14;sma_20;volume_zscore_24h,ok,ok,-2.364699,-0.100760,0.245569,189,0.423280,4,3.256,
91ad68ed-6470-45a7-8735-171c39ff25c3,988,bee155443e2309e8,monday_mean_reversion_195,calendar_effect,close;day_of_week;return_168h;return_24h;rsi_14;sma_20;sma_50,ok,ok,-0.742374,-0.058668,0.217714,30,0.533333,4,3.476,
91ad68ed-6470-45a7-8735-171c39ff25c3,989,ab462e599d675b64,momentum_continuation_rsi_thrust_196,momentum,close;ema_12;macd_hist;return_1h;return_24h;rsi_14,ok,ok,-0.238625,-0.022849,0.280192,98,0.479592,4,3.619,
91ad68ed-6470-45a7-8735-171c39ff25c3,990,80198bfd703ff43b,oversold_bb_reversion_197,mean_reversion,bb_upper_24_2;close;return_1h;return_24h;rsi_14;sma_24;zscore_48,ok,ok,0.824747,0.077550,0.204623,93,0.666667,4,3.855,
91ad68ed-6470-45a7-8735-171c39ff25c3,991,dc7d6de5e71772ae,low_volatility_breakout_198,volatility_regime,close;ema_26;macd_hist;realized_vol_24h;return_1h;return_24h,ok,ok,-0.420711,-0.036245,0.188777,42,0.476190,4,3.569,
91ad68ed-6470-45a7-8735-171c39ff25c3,992,167104de764275d6,volume_divergence_momentum_199,volume_divergence,close;macd_hist;return_24h;sma_50;volume_zscore_24h,ok,ok,-1.038256,-0.059742,0.218125,19,0.315789,4,3.489,
91ad68ed-6470-45a7-8735-171c39ff25c3,993,55837d13174b9f96,weekend_momentum_fade_200,calendar_effect,day_of_week;return_168h;return_1h;return_24h;rsi_14;volume_zscore_24h,ok,ok,1.105995,0.045810,0.098531,20,0.400000,4,3.812,
